INSERT INTO wine_regions (region_name, subregion_name, country, climate) VALUES
('Пьемонт', 'Бароло', 'Италия', 'Умеренный континентальный'),
('Пьемонт', 'Барбареско', 'Италия', 'Умеренный континентальный'),
('Тоскана', 'Кьянти Классико', 'Италия', 'Средиземноморский'),
('Тоскана', 'Брунелло ди Монтальчино', 'Италия', 'Средиземноморский'),
('Венето', 'Амароне', 'Италия', 'Умеренный'),
('Ломбардия', 'Фрачакорта', 'Италия', 'Умеренный'),
('Сардиния', 'Каннонау', 'Италия', 'Средиземноморский'),
('Апулия', 'Примитиво', 'Италия', 'Субтропический'),
('Трентино-Альто-Адидже', '', 'Италия', 'Альпийский'),
('Калабрия', 'Чиро', 'Италия', 'Средиземноморский'),
('Фриули', 'Коллио', 'Италия', 'Альпийский'),
('Сицилия', 'Этна', 'Италия', 'Средиземноморский'),
('Абруццо', 'Монтепульчано', 'Италия', 'Континентальный'),
('Эмилия-Романья', 'Ламбруско', 'Италия', 'Умеренный'),
('Мендоса', 'Лухан-де-Куйо', 'Аргентина', 'Аридный'),
('Сан-Хуан', 'Педернера', 'Аргентина', 'Аридный'),
('Неукен', 'Патагония', 'Аргентина', 'Прохладный'),
('Сальта', 'Кафаяте', 'Аргентина', 'Горный'),
('Чако', '', 'Аргентина', 'Тропический'),
('Риоха', 'Риоха Альта', 'Испания', 'Континентальный'),
('Рибера-дель-Дуэро', '', 'Испания', 'Континентальный'),
('Каталония', 'Пенедес', 'Испания', 'Средиземноморский'),
('Наварра', '', 'Испания', 'Континентальный'),
('Галисия', 'Риас-Байшас', 'Испания', 'Атлантический'),
('Приорат', 'Монтанья', 'Испания', 'Средиземноморский'),
('Кахети', 'Киндзмараули', 'Грузия', 'Континентальный'),
('Картли', 'Мцване', 'Грузия', 'Континентальный'),
('Рача', 'Хванчкара', 'Грузия', 'Горный'),
('Имеретия', 'Цицка', 'Грузия', 'Субтропический'),
('Бордо', 'Медок', 'Франция', 'Умеренный морской'),
('Прованс', '', 'Франция', 'Средиземноморский'),
('Токай', '', 'Венгрия', 'Континентальный'),
('Эгер', '', 'Венгрия', 'Умеренный'),
('Крым', 'Массандра', 'Россия', 'Субтропический'),
('Дон', 'Ростовская область', 'Россия', 'Умеренный'),
('Кубань', 'Краснодарский край', 'Россия', 'Умеренный'),
('Абрау-Дюрсо', '', 'Россия', 'Средиземноморский');


INSERT INTO wines (name, region_id, production_year, type, price, rating) VALUES
-- Вин Италии
('Barolo Riserva Giacomo Conterno', 1, 2015, 'красное', 3500.00, 9.5),
('Barolo DOCG Gaja', 1, 2018, 'красное', 2800.00, 9.3),
('Barolo Cannubi', 1, 2017, 'красное', 3200.00, 9.6),
('Barbaresco DOCG Gaja', 2, 2018, 'красное', 2200.00, 9.2),
('Chianti Classico Riserva', 3, 2018, 'красное', 650.00, 8.8),
('Brunello di Montalcino Casanova di Neri', 4, 2016, 'красное', 3200.00, 9.4),
('Amarone della Valpolicella Classico', 5, 2017, 'красное', 2200.00, 9.1),
('Pрозаcco Superiore DOCG', 6, 2022, 'игристое', 350.00, 8.5),
('Franciacorta Satèn', 6, 2019, 'игристое', 600.00, 8.9),
('Cannonau di Sardegna', 7, 2020, 'красное', 2800.00, 8.2),
('Primitivo di Manduria', 8, 2019, 'красное', 3200.00, 8.4),
('Etna Rosso', 12, 2020, 'красное', 550.00, 8.7),
('Lambrusco Grasparossa', 14, 2021, 'роза', 1800.00, 8.1),
('Barolo Vigna Rionda', 1, 2016, 'красное', 3800.00, 9.7),
('Barbaresco Asili', 2, 2019, 'красное', 2400.00, 9.0),
('Chianti Rufina', 3, 2020, 'красное', 1500.00, 8.6),
('Brunello di Montalcino Poggio di Sotto', 4, 2015, 'красное', 3800.00, 9.8),
('Amarone Riserva Dal Forno', 5, 2015, 'красное', 1500.00, 9.9),
('Pрозаcco Brut', 6, 2021, 'игристое', 2000.00, 8.0),
('Franciacorta Rosé', 6, 2020, 'игристое', 700.00, 8.8),
('Vermentino di Sardegna', 7, 2021, 'белое', 800.00, 8.3),
('Negroamaro Salento', 8, 2018, 'красное', 2800.00, 8.1),
('Etna Bianco', 12, 2021, 'белое', 4000.00, 8.5),
('Lambrusco di Sorbara', 14, 2022, 'роза', 2000.00, 8.2),
('Barolo Monfortino', 1, 2016, 'красное', 4000.00, 9.8),
('Barbaresco Rabajà', 2, 2017, 'красное', 2600.00, 9.1),
('Chianti Colli Senesi', 3, 2019, 'красное', 2500.00, 8.4),
('Brunello di Montalcino Cerretalto', 4, 2014, 'красное', 1500.00, 9.9),
('Amarone Classico', 5, 2018, 'красное', 1200.00, 9.0),
('Pрозаcco Extra Dry', 6, 2020, 'игристое', 1280.00, 8.1),
('Franciacorta Pas Dosé', 6, 2018, 'игристое', 1380.00, 9.0),
('Carignano del Sulcis', 7, 2017, 'красное', 1350.00, 8.4),
('Primitivo di Gioia', 8, 2020, 'красное', 2340.00, 8.3),
('Etna Rosato', 12, 2022, 'роза', 1300.00, 8.6),
('Lambrusco Salamino', 14, 2021, 'роза', 2200.00, 8.0),

-- Вин Франции
('Château Margaux', 30, 2016, 'красное', 1850.00, 9.9),
('Domaine de la Romanée-Conti', 30, 2015, 'красное', 15000.00, 10.0),
('Côtes de Provence Rosé', 31, 2021, 'роза', 1350.00, 8.9),
('Château Lafite Rothschild', 30, 2017, 'красное', 1200.00, 9.8),
('Château Mouton Rothschild', 30, 2018, 'красное', 1100.00, 9.7),
('Château Latour', 30, 2015, 'красное', 1300.00, 9.8),
('Château Haut-Brion', 30, 2016, 'красное', 1250.00, 9.7),
('Château Cheval Blanc', 30, 2014, 'красное', 1400.00, 9.9),
('Sancerre Blanc', 31, 2022, 'белое', 1500.00, 8.8),
('Châteauneuf-du-Pape', 31, 2019, 'красное', 900.00, 9.2),
('Chablis Grand Cru', 31, 2020, 'белое', 1200.00, 9.4),
('Beaujolais Nouveau', 31, 2022, 'красное', 1500.00, 7.5),
('Château d’Yquem', 30, 2015, 'белое', 3000.00, 9.6),
('Pomerol Merlot', 30, 2018, 'красное', 1800.00, 9.1),
('Vouvray Moelleux', 31, 2020, 'белое', 1400.00, 8.7),

-- Вин Аргентины
('Malbec Gran Reserva Catena Zapata', 15, 2018, 'красное', 1200.00, 9.1),
('Malbec Adrianna Vineyard', 15, 2017, 'красное', 2250.00, 9.5),
('Torrontés Colomé', 16, 2022, 'белое', 1350.00, 8.6),
('Bonarda San Juan', 16, 2020, 'красное', 2180.00, 8.3),
('Cabernet Sauvignon Altamira', 18, 2019, 'красное', 1900.00, 9.0),
('Tannat El Esteco', 19, 2018, 'красное', 1450.00, 8.5),
('Malbec Terroir Series', 15, 2020, 'красное', 3550.00, 8.8),
('Chardonnay Mendoza', 15, 2021, 'белое', 3000.00, 8.2),
('Syrah Patagonia', 17, 2019, 'красное', 1650.00, 8.7),
('Malbec Clásico', 15, 2021, 'красное', 1300.50, 8.4),
('Cabernet Franc Uco Valley', 15, 2018, 'красное', 1750.00, 8.9),
('Pinot Noir Río Negro', 17, 2020, 'красное', 1700.00, 8.6),
('Sauvignon Blanc Cafayate', 18, 2022, 'белое', 1320.00, 8.3),
('Malbec Reserve', 15, 2019, 'красное', 1400.00, 8.5),
('Merlot Mendoza', 15, 2020, 'красное', 1350.00, 8.1),

-- Вин Испании
('Rioja Gran Reserva 904', 20, 2012, 'красное', 1800.00, 9.4),
('Ribera del Duero Vega Sicilia Único', 21, 2010, 'красное', 1500.00, 9.7),
('Albariño Pazo de Señorans', 24, 2022, 'белое', 1400.00, 8.8),
('Priorat Clos Mogador', 25, 2018, 'красное', 2220.00, 9.3),
('Cava Brut Reserva', 22, 2019, 'игристое', 1225.00, 8.0),
('Tempranillo Ribera del Duero', 21, 2018, 'красное', 1260.00, 8.9),
('Garnacha de Fuego', 25, 2020, 'красное', 1180.00, 8.2),
('Verdejo Rueda', 24, 2021, 'белое', 2200.00, 8.4),
('Txakoli Getaria', 24, 2022, 'белое', 2800.00, 8.1),
('Bierzo Mencía', 25, 2019, 'красное', 1350.00, 8.5),
('Sherry Fino', 22, 2015, 'белое', 1300.00, 8.6),
('Rioja Crianza', 20, 2019, 'красное', 1350.00, 8.3),
('Monastrell Jumilla', 25, 2017, 'красное', 1280.00, 8.0),
('Godello Valdeorras', 24, 2021, 'белое', 2400.00, 8.7),

-- Вин Грузии
('Киндзмараули', 26, 2020, 'красное', 450.00, 8.7),
('Саперави', 26, 2019, 'красное', 650.00, 8.5),
('Хванчкара', 28, 2020, 'красное', 550.00, 8.9),
('Цинандали', 26, 2021, 'белое', 700.00, 8.3),
('Мцване', 27, 2020, 'белое', 880.00, 8.1),
('Алазанская долина', 26, 2022, 'белое', 750.00, 8.0),
('Мукузани', 26, 2018, 'красное', 500.00, 8.6),
('Тбилисури', 27, 2021, 'роза', 800.00, 7.8),

-- Вин России
('Крымский Портвейн', 34, 2015, 'красное', 770.00, 7.5),
('Донское Игристое', 35, 2020, 'игристое', 800.00, 7.8),
('Кубань Виноръ', 36, 2021, 'красное', 950.00, 7.6),
('Абрау-Дюрсо Брют', 37, 2019, 'игристое', 650.00, 8.1),

-- Вин Венгрии
('Tokaji Aszú 5 Puttonyos', 32, 2015, 'белое', 8500.00, 9.7),
('Tokaji Furmint Dry', 32, 2020, 'белое', 3200.00, 9.3),
('Tokaji Szamorodni Sweet', 32, 2018, 'белое', 4500.00, 9.5),
('Egri Bikavér Superior', 33, 2017, 'красное', 2800.00, 9.4),
('Egri Bikavér Grand Superior', 33, 2016, 'красное', 5500.00, 9.8),
('Egri Merlot', 33, 2019, 'красное', 2200.00, 9.2);

INSERT INTO wine_price_history (wine_id, start_date, end_date, price, is_current) VALUES
(1, '2020-01-01', '2024-01-01', 300.00, FALSE),
(1, '2024-01-01', NULL, 350.00, TRUE),
(22, '2019-01-01', '2021-01-01', 250.00, FALSE),
(22, '2021-01-01', NULL, 280.00, TRUE),
(38, '2018-01-01', '2020-01-01', 290.00, FALSE),
(38, '2020-01-01', NULL, 320.00, TRUE),
(4, '2017-01-01', '2019-01-01', 350.00, FALSE),
(4, '2019-01-01', NULL, 400.00, TRUE),
(51, '2018-01-01', '2020-01-01', 220.00, FALSE),
(51, '2020-01-01', NULL, 250.00, TRUE),
(6, '2017-01-01', '2019-01-01', 200.00, FALSE),
(6, '2019-01-01', NULL, 220.00, TRUE),
(77, '2016-01-01', '2018-01-01', 210.00, FALSE),
(77, '2018-01-01', NULL, 240.00, TRUE),
(83, '2015-01-01', '2017-01-01', 230.00, FALSE),
(83, '2017-01-01', NULL, 260.00, TRUE),
(9, '2017-01-01', '2019-01-01', 55.00, FALSE),
(9, '2019-01-01', NULL, 65.00, TRUE),
(10, '2015-01-01', '2017-01-01', 100.00, FALSE),
(10, '2017-01-01', NULL, 120.00, TRUE),
(11, '2014-01-01', '2016-01-01', 50.00, FALSE),
(11, '2016-01-01', NULL, 65.00, TRUE),
(12, '2013-01-01', '2015-01-01', 55.00, FALSE),
(12, '2015-01-01', NULL, 45.00, TRUE),
(13, '2014-01-01', '2016-01-01', 350.00, FALSE),
(13, '2016-01-01', NULL, 380.00, TRUE),
(74, '2015-01-01', '2017-01-01', 290.00, FALSE),
(74, '2017-01-01', NULL, 320.00, TRUE),
(15, '2017-01-01', '2019-01-01', 100.00, FALSE),
(15, '2019-01-01', NULL, 120.00, TRUE),
(16, '2016-01-01', '2018-01-01', 80.00, FALSE),
(16, '2018-01-01', NULL, 90.00, TRUE),
(47, '2015-01-01', '2017-01-01', 70.00, FALSE),
(47, '2017-01-01', NULL, 85.00, TRUE),
(18, '2014-01-01', '2016-01-01', 60.00, FALSE),
(18, '2016-01-01', NULL, 75.00, TRUE),
(19, '2013-01-01', '2015-01-01', 50.00, FALSE),
(19, '2015-01-01', NULL, 65.00, TRUE),
(20, '2012-01-01', '2014-01-01', 40.00, FALSE),
(20, '2014-01-01', NULL, 55.00, TRUE),
(21, '2011-01-01', '2013-01-01', 30.00, FALSE),
(21, '2013-01-01', NULL, 45.00, TRUE),
(42, '2010-01-01', '2012-01-01', 20.00, FALSE),
(42, '2012-01-01', NULL, 35.00, TRUE),
(23, '2009-01-01', '2011-01-01', 15.00, FALSE),
(23, '2011-01-01', NULL, 25.00, TRUE),
(24, '2008-01-01', '2010-01-01', 10.00, FALSE),
(24, '2010-01-01', NULL, 20.00, TRUE);

INSERT INTO locations (name, country, city, address, type) VALUES
('ВинТех-Лобачевский', 'Россия', 'Москва', 'ул. Лобачевского, 15', 'offline'),
('ВинТех-Скубачевский', 'Россия', 'Долгопрудный', 'ул. Первомайская, 5', 'offline')
('ВинТех-Ковалевская', 'Россия', 'Санкт-Петербург', 'пр. Ковалевской, 7', 'offline'),
('ВинТех-Курчатов', 'Россия', 'Екатеринбург', 'ул. Курчатова, 22', 'offline'),
('ВинТех-Света', 'Россия', 'Ростов-на-Дону', 'ул. Сахарова, 3', 'offline'),
('ВинТех-Ландау', 'Россия', 'Волгоград', 'ул. Ландау, 10', 'offline'),
('ВинТех-Келдыш', 'Россия', 'Белгород', 'ул. Келдыша, 5', 'offline'),
('ВинТех-Капица', 'Россия', 'Новосибирск', 'пр. Капицы, 12', 'offline'),
('ВинТех-Флеров', 'Россия', 'Владивосток', 'ул. Флерова, 8', 'offline'),
('ВинТех-Зельдович', 'Россия', 'Ярославль', 'ул. Зельдовича, 4', 'offline'),
('ВинТех-Перельман', 'Россия', 'Архангельск', 'ул. Перельмана, 9', 'offline'),
('ВинТех-Хазин', 'Беларусь', 'Минск', 'пр. Хазина, 17', 'offline'),
('ВинТех-Боголюбов', 'Беларусь', 'Гомель', 'ул. Клермон-Ферран 1', 'offline'),
('ВинТех-Гельфанд', 'Казахстан', 'Астана', 'ул. Гельфанда, 8', 'offline'),
('ВинТех-Понтрягин', 'Кыргызстан', 'Бишкек', 'пр. Понтрягина, 12', 'offline'),
('ВинТех-Онлайн', 'Россия', 'Москва', 'винтех.рф', 'online');

INSERT INTO customers (first_name, last_name, email, city, loyalty_card) VALUES
('Светлана', 'Лушаянова', 'luchshayanova.s@phystech.edu', 'Ростов-на-Дону', TRUE)
('Андрей', 'Колмогоров', 'kolmogorov@mail.ru', 'Москва', TRUE),
('Софья', 'Ковалевская', 'kovalevskaya@gmail.com', 'Санкт-Петербург', FALSE),
('Игорь', 'Курчатов', 'kurchatov@yandex.ru', 'Екатеринбург', TRUE),
('Андрей', 'Сахаров', 'sakharov@mail.ru', 'Ростов-на-Дону', TRUE),
('Лев', 'Ландау', 'landau@inbox.ru', 'Волгоград', FALSE),
('Мстислав', 'Келдыш', 'keldysh@bk.ru', 'Белгород', TRUE),
('Пётр', 'Капица', 'kapitsa@mail.com', 'Новосибирск', TRUE),
('Георгий', 'Флеров', 'flerov@yandex.ru', 'Владивосток', FALSE),
('Яков', 'Зельдович', 'zeldovich@gmail.com', 'Ярославль', TRUE),
('Григорий', 'Перельман', 'perelman@mail.ru', 'Архангельск', TRUE),
('Алексей', 'Хазин', 'khazin@inbox.ru', 'Минск', FALSE),
('Николай', 'Боголюбов', 'bogolyubov@bk.ru', 'Гомель', TRUE),
('Мария', 'Склодовская', 'sklodowska@mail.com', 'Москва', FALSE),
('Дмитрий', 'Менделеев', 'mendeleev@yandex.ru', 'Санкт-Петербург', TRUE),
('Константин', 'Циолковский', 'tsiolkovsky@gmail.com', 'Екатеринбург', FALSE),
('Иван', 'Ковальчук', 'kovalchuk@mail.ru', 'Москва', TRUE),
('Ольга', 'Новикова', 'novikova@gmail.com', 'Москва', FALSE),
('Александр', 'Смирнов', 'smirnov@yandex.ru', 'Москва', TRUE),
('Екатерина', 'Петрова', 'petrova@inbox.ru', 'Москва', TRUE),
('Дмитрий', 'Васильев', 'vasilev@bk.ru', 'Москва', FALSE),
('Анна', 'Соколова', 'sokolova@mail.com', 'Москва', TRUE),
('Михаил', 'Михайлов', 'mikhaylov@yandex.ru', 'Москва', TRUE),
('Тамаш', 'Надь', 'nagy.tamas@example.hu', 'Минск', TRUE),
('Арина', 'Шимко', 'shimko@mail.ru', 'Гомель', FALSE),
('Нурлан', 'Садыков', 'sadykov@example.kz', 'Астана', TRUE),
('Айгерим', 'Каримова', 'karimova@mail.kz', 'Астана', FALSE),
('Эрлан', 'Беков', 'bekov@example.kg', 'Бишкек', TRUE),
('Жанна', 'Лебедева', 'lebedeva@yandex.ru', 'Санкт-Петербург', TRUE),
('Артем', 'Козлов', 'kozlov@mail.com', 'Санкт-Петербург', FALSE),
('Юлия', 'Иванова', 'ivanova@gmail.com', 'Екатеринбург', TRUE),
('Павел', 'Федоров', 'fedorov@inbox.ru', 'Ростов-на-Дону', TRUE),
('Мария', 'Никитина', 'nikitina@bk.ru', 'Волгоград', FALSE),
('Сергей', 'Павлов', 'pavlov@mail.ru', 'Белгород', TRUE),
('Елена', 'Семенова', 'semenova@yandex.ru', 'Новосибирск', TRUE),
('Виктор', 'Голубев', 'golubev@gmail.com', 'Владивосток', FALSE),
('Алексей', 'Воробьев', 'vorobyov@mail.com', 'Ярославль', TRUE),
('Наталья', 'Орлова', 'orlova@yandex.ru', 'Архангельск', TRUE),
('Денис', 'Андреев', 'andreev@inbox.ru', 'Минск', FALSE),
('Игорь', 'Макаров', 'makarov@bk.ru', 'Гомель', TRUE),
('Оксана', 'Захарова', 'zakharova@mail.ru', 'Астана', TRUE),
('Руслан', 'Борисов', 'borisov@yandex.ru', 'Астана', FALSE),
('Асель', 'Касымова', 'kasymova@example.kz', 'Астана', TRUE),
('Алмаз', 'Ибрагимов', 'ibragimov@mail.kz', 'Астана', FALSE),
('Айдана', 'Сулейменова', 'suleimenova@example.kz', 'Астана', TRUE),
('Данияр', 'Омаров', 'omarov@mail.kz', 'Астана', TRUE),
('Аружан', 'Каримова', 'karimova.a@example.kz', 'Астана', FALSE),
('Ерлан', 'Нургалиев', 'nurgaliyev@example.kg', 'Бишкек', TRUE),
('Айгерим', 'Токтомушова', 'toktomushova@mail.kg', 'Бишкек', FALSE),
('Азамат', 'Садыков', 'sadykov.a@example.kg', 'Бишкек', TRUE),
('Алина', 'Исмаилова', 'ismailova@example.kg', 'Бишкек', TRUE),
('Арсен', 'Рахимов', 'rakhimov@mail.kg', 'Бишкек', FALSE),
('Диана', 'Абдрахманова', 'abdrakhmanova@example.kg', 'Бишкек', TRUE),
('Бека', 'Джакыпов', 'dzhakypov@example.kg', 'Бишкек', TRUE),
('Айсулуу', 'Мамбетова', 'mambetova@mail.kg', 'Бишкек', FALSE),
('Эркин', 'Турдумаматов', 'turdumamatov@example.kg', 'Бишкек', TRUE),
('Жазгуль', 'Осмонова', 'osmonova@example.kg', 'Бишкек', TRUE),
('Иван', 'Попов', 'popov@mail.ru', 'Москва', TRUE),
('Светлана', 'Кузнецова', 'kuznetsova@gmail.com', 'Москва', FALSE),
('Андрей', 'Соловьев', 'solovyev@yandex.ru', 'Москва', TRUE),
('Ольга', 'Волкова', 'volkova@inbox.ru', 'Москва', TRUE),
('Дмитрий', 'Козлов', 'kozlov.d@bk.ru', 'Москва', FALSE),
('Елена', 'Новикова', 'novikova.e@mail.com', 'Москва', TRUE),
('Сергей', 'Морозов', 'morozov@yandex.ru', 'Москва', TRUE),
('Наталья', 'Егорова', 'egorova@gmail.com', 'Санкт-Петербург', FALSE),
('Алексей', 'Павлов', 'pavlov.a@mail.ru', 'Санкт-Петербург', TRUE),
('Марина', 'Семенова', 'semenova.m@yandex.ru', 'Санкт-Петербург', TRUE),
('Артем', 'Григорьев', 'grigoryev@inbox.ru', 'Екатеринбург', FALSE),
('Юлия', 'Белова', 'belova@bk.ru', 'Екатеринбург', TRUE),
('Павел', 'Комаров', 'komarov@mail.ru', 'Ростов-на-Дону', TRUE),
('Анна', 'Лебедева', 'lebedeva.a@yandex.ru', 'Волгоград', FALSE),
('Михаил', 'Степанов', 'stepanov@mail.com', 'Белгород', TRUE),
('Екатерина', 'Николаева', 'nikolaeva@yandex.ru', 'Новосибирск', TRUE),
('Виктор', 'Иванов', 'ivanov.v@gmail.com', 'Владивосток', FALSE),
('Ольга', 'Федорова', 'fedorova.o@mail.ru', 'Ярославль', TRUE),
('Денис', 'Соколов', 'sokolov.d@yandex.ru', 'Архангельск', TRUE),
('Ирина', 'Медведева', 'medvedeva@inbox.ru', 'Минск', FALSE),
('Александр', 'Петров', 'petrov.a@bk.ru', 'Гомель', TRUE),
('Татьяна', 'Васильева', 'vasileva.t@mail.ru', 'Астана', TRUE),
('Руслан', 'Магомедов', 'magomedov@example.kz', 'Астана', FALSE),
('Айгуль', 'Жаксылыкова', 'zhaksylykova@mail.kz', 'Астана', TRUE),
('Дамир', 'Каримов', 'karimov.d@example.kz', 'Астана', TRUE),
('Алия', 'Исмаилова', 'ismailova.a@mail.kz', 'Астана', FALSE),
('Ержан', 'Сапаргалиев', 'sapargaliyev@example.kz', 'Астана', TRUE),
('Гульнара', 'Омарова', 'omarova.g@example.kg', 'Бишкек', TRUE),
('Нурсултан', 'Алиев', 'aliev.n@mail.kg', 'Бишкек', FALSE),
('Айзада', 'Турсунова', 'tursunova@example.kg', 'Бишкек', TRUE),
('Бакыт', 'Жумабаев', 'zhumabaev@mail.kg', 'Бишкек', TRUE),
('Айнура', 'Абдыкаримова', 'abdykarimova@example.kg', 'Бишкек', FALSE),
('Максат', 'Раимкулов', 'raimkulov@mail.kg', 'Бишкек', TRUE),
('Жибек', 'Садыкова', 'sadykova.j@example.kg', 'Бишкек', TRUE),
('Эрнест', 'Сулайманов', 'sulaymanov@mail.kg', 'Бишкек', FALSE),
('Айдана', 'Муканова', 'mukanova@example.kg', 'Бишкек', TRUE),
('Арстан', 'Бекмуратов', 'bekmuratov@mail.kg', 'Бишкек', TRUE),
('Айгерим', 'Токтосунова', 'toktosunova@example.kg', 'Бишкек', FALSE),
('Данияр', 'Жолдошев', 'joldoshev@mail.kg', 'Бишкек', TRUE),
('Айсулуу', 'Асанова', 'asanova@example.kg', 'Бишкек', TRUE),
('Нурлан', 'Абдрахманов', 'abdrakhmanov.n@mail.kg', 'Бишкек', FALSE),
('Айзат', 'Калыкова', 'kalykova@example.kg', 'Бишкек', TRUE),
('Эльмира', 'Сагынбаева', 'sagynbaeva@mail.kg', 'Бишкек', TRUE),
('Азамат', 'Турдубаев', 'turdubaev@example.kg', 'Бишкек', FALSE),
('Жанара', 'Осмонова', 'osmonova.j@mail.kg', 'Бишкек', TRUE),
('Бакытгуль', 'Маманова', 'mananova@example.kg', 'Бишкек', TRUE),
('Нургазы', 'Алишеров', 'alisher@mail.kg', 'Бишкек', FALSE),
('Айнур', 'Калмаматов', 'kalmanatov@example.kg', 'Бишкек', TRUE),
('Гульмира', 'Сапарбаева', 'saparbaeva@mail.kg', 'Бишкек', TRUE),
('Нурсултан', 'Жолдошбаев', 'joldoshbaev@example.kg', 'Бишкек', FALSE),
('Айбек', 'Ташматов', 'tashmatov@mail.kg', 'Бишкек', TRUE),
('Айгерим', 'Муратова', 'muratova@example.kg', 'Бишкек', TRUE),
('Эркин', 'Абдыкадыров', 'abdykadyrov@mail.kg', 'Бишкек', FALSE),
('Жаркын', 'Садырбаев', 'sadyrbaev@example.kg', 'Бишкек', TRUE),
('Айнура', 'Турсункулова', 'tursunkulova@mail.kg', 'Бишкек', TRUE),
('Нурлан', 'Маматов', 'mamatov.n@example.kg', 'Бишкек', FALSE),
('Айзада', 'Абдыразакова', 'abdyrazakova@mail.kg', 'Бишкек', TRUE),
('Бегимай', 'Жумагулова', 'zhumagulova@example.kg', 'Бишкек', TRUE),
('Нургазы', 'Абдыкаримов', 'abdykarimov@mail.kg', 'Бишкек', FALSE),
('Айгерим', 'Садыкова', 'sadykova.a@example.kg', 'Бишкек', TRUE),
('Эрлан', 'Турсунов', 'tursunov@mail.kg', 'Бишкек', TRUE);

INSERT INTO inventory (wine_id, location_id, quantity, last_delivery_date) VALUES
-- Для всех 13 локаций по 10+ позиций
-- Локация 1 (Москва)
(1, 1, 20, '2024-10-01'), (2, 1, 15, '2024-10-05'), (3, 1, 50, '2024-10-10'),
(4, 1, 30, '2024-09-28'), (5, 1, 40, '2024-10-03'), (6, 1, 25, '2024-09-20'),
(7, 1, 60, '2024-10-15'), (8, 1, 35, '2024-09-25'), (9, 1, 20, '2024-10-08'),
(10, 1, 45, '2024-09-30'), (11, 1, 30, '2024-10-12'),
(12, 1, 25, '2024-10-02'), (13, 1, 18, '2024-10-06'), (14, 1, 22, '2024-09-22'),
(15, 1, 40, '2024-09-18'), (16, 1, 15, '2024-10-12'), (17, 1, 30, '2024-09-28'),
(18, 1, 20, '2024-10-05'), (19, 1, 10, '2024-09-15'), (20, 1, 35, '2024-10-08'),
(21, 1, 28, '2024-09-25'), (22, 1, 12, '2024-10-03'),
(23, 1, 15, '2024-10-01'), (24, 1, 20, '2024-10-05'), (25, 1, 30, '2024-10-10'),
(26, 1, 25, '2024-09-28'), (27, 1, 18, '2024-10-03'), (28, 1, 22, '2024-09-20'),
(29, 1, 40, '2024-10-15'), (30, 1, 35, '2024-09-25'), (31, 1, 20, '2024-10-08'),
(32, 1, 45, '2024-09-30'), (33, 1, 30, '2024-10-12'),
(34, 1, 20, '2024-10-01'), (35, 1, 15, '2024-10-05'), (36, 1, 50, '2024-10-10'),
(37, 1, 30, '2024-09-28'), (38, 1, 40, '2024-10-03'), (39, 1, 25, '2024-09-20'),
(40, 1, 60, '2024-10-15'), (41, 1, 35, '2024-09-25'), (42, 1, 20, '2024-10-08'),
(43, 1, 45, '2024-09-30'), (44, 1, 30, '2024-10-12'),
(45, 1, 25, '2024-10-02'), (46, 1, 18, '2024-10-06'), (47, 1, 22, '2024-09-22'),
(48, 1, 40, '2024-09-18'), (49, 1, 15, '2024-10-12'), (50, 1, 30, '2024-09-28'),
(51, 1, 20, '2024-10-05'), (52, 1, 10, '2024-09-15'), (53, 1, 35, '2024-10-08'),
(54, 1, 28, '2024-09-25'), (55, 1, 12, '2024-10-03'),
(56, 1, 15, '2024-10-01'), (57, 1, 20, '2024-10-05'), (58, 1, 30, '2024-10-10'),
(59, 1, 25, '2024-09-28'), (60, 1, 18, '2024-10-03'), (61, 1, 22, '2024-09-20'),
(62, 1, 40, '2024-10-15'), (63, 1, 35, '2024-09-25'), (64, 1, 20, '2024-10-08'),
(65, 1, 45, '2024-09-30'), (66, 1, 30, '2024-10-12'),
(67, 1, 20, '2024-10-01'), (68, 1, 15, '2024-10-05'), (69, 1, 50, '2024-10-10'),
(70, 1, 30, '2024-09-28'), (71, 1, 40, '2024-10-03'), (72, 1, 25, '2024-09-20'),
(73, 1, 60, '2024-10-15'), (74, 1, 35, '2024-09-25'), (75, 1, 20, '2024-10-08'),
(76, 1, 45, '2024-09-30'), (77, 1, 30, '2024-10-12'),
(78, 1, 25, '2024-10-02'), (79, 1, 18, '2024-10-06'), (80, 1, 22, '2024-09-22'),
(81, 1, 40, '2024-09-18'), (82, 1, 15, '2024-10-12'), (83, 1, 30, '2024-09-28'),
(84, 1, 20, '2024-10-05'), (85, 1, 10, '2024-09-15'), (86, 1, 35, '2024-10-08'),
(87, 1, 28, '2024-09-25'), (88, 1, 12, '2024-10-03'),
(89, 1, 15, '2024-10-01'), (90, 1, 20, '2024-10-05'), (91, 1, 30, '2024-10-10'),
(92, 1, 25, '2024-09-28'), (93, 1, 18, '2024-10-03'), (94, 1, 22, '2024-09-20'),
(95, 1, 40, '2024-10-15'), (96, 1, 35, '2024-09-25'), (97, 1, 20, '2024-10-08'),
(98, 1, 45, '2024-09-30'), (99, 1, 30, '2024-10-12'),

-- Локация 2 (Долгопрудный)
(1, 2, 20, '2024-10-01'), (2, 2, 15, '2024-10-05'), (3, 2, 50, '2024-10-10'),
(4, 2, 30, '2024-09-28'), (5, 2, 40, '2024-10-03'), (6, 2, 25, '2024-09-20'),
(7, 2, 60, '2024-10-15'), (8, 2, 35, '2024-09-25'), (9, 2, 20, '2024-10-08'),
(10, 2, 45, '2024-09-30'), (11, 2, 30, '2024-10-12'),
(12, 2, 25, '2024-10-02'), (13, 2, 18, '2024-10-06'), (14, 2, 22, '2024-09-22'),
(15, 2, 40, '2024-09-18'), (16, 2, 15, '2024-10-12'), (17, 2, 30, '2024-09-28'),
(18, 2, 20, '2024-10-05'), (19, 2, 10, '2024-09-15'), (20, 2, 35, '2024-10-08'),
(21, 2, 28, '2024-09-25'), (22, 2, 12, '2024-10-03'),
(23, 2, 15, '2024-10-01'), (24, 2, 20, '2024-10-05'), (25, 2, 30, '2024-10-10'),
(26, 2, 25, '2024-09-28'), (27, 2, 18, '2024-10-03'), (28, 2, 22, '2024-09-20'),
(29, 2, 40, '2024-10-15'), (30, 2, 35, '2024-09-25'), (31, 2, 20, '2024-10-08'),
(32, 2, 45, '2024-09-30'), (33, 2, 30, '2024-10-12'),
(34, 2, 20, '2024-10-01'), (35, 2, 15, '2024-10-05'), (36, 2, 50, '2024-10-10'),
(37, 2, 30, '2024-09-28'), (38, 2, 40, '2024-10-03'), (39, 2, 25, '2024-09-20'),
(40, 2, 60, '2024-10-15'), (41, 2, 35, '2024-09-25'), (42, 2, 20, '2024-10-08'),
(43, 2, 45, '2024-09-30'), (44, 2, 30, '2024-10-12'),
(45, 2, 25, '2024-10-02'), (46, 2, 18, '2024-10-06'), (47, 2, 22, '2024-09-22'),
(48, 2, 40, '2024-09-18'), (49, 2, 15, '2024-10-12'), (50, 2, 30, '2024-09-28'),
(51, 2, 20, '2024-10-05'), (52, 2, 10, '2024-09-15'), (53, 2, 35, '2024-10-08'),
(54, 2, 28, '2024-09-25'), (55, 2, 12, '2024-10-03'),
(56, 2, 15, '2024-10-01'), (57, 2, 20, '2024-10-05'), (58, 2, 30, '2024-10-10'),
(59, 2, 25, '2024-09-28'), (60, 2, 18, '2024-10-03'), (61, 2, 22, '2024-09-20'),
(62, 2, 40, '2024-10-15'), (63, 2, 35, '2024-09-25'), (64, 2, 20, '2024-10-08'),
(65, 2, 45, '2024-09-30'), (66, 2, 30, '2024-10-12'),
(67, 2, 20, '2024-10-01'), (68, 2, 15, '2024-10-05'), (69, 2, 50, '2024-10-10'),
(70, 2, 30, '2024-09-28'), (71, 2, 40, '2024-10-03'), (72, 2, 25, '2024-09-20'),
(73, 2, 60, '2024-10-15'), (74, 2, 35, '2024-09-25'), (75, 2, 20, '2024-10-08'),
(76, 2, 45, '2024-09-30'), (77, 2, 30, '2024-10-12'),
(78, 2, 25, '2024-10-02'), (79, 2, 18, '2024-10-06'), (80, 2, 22, '2024-09-22'),
(81, 2, 40, '2024-09-18'), (82, 2, 15, '2024-10-12'), (83, 2, 30, '2024-09-28'),
(84, 2, 20, '2024-10-05'), (85, 2, 10, '2024-09-15'), (86, 2, 35, '2024-10-08'),
(87, 2, 28, '2024-09-25'), (88, 2, 12, '2024-10-03'),
(89, 2, 15, '2024-10-01'), (90, 2, 20, '2024-10-05'), (91, 2, 30, '2024-10-10'),
(92, 2, 25, '2024-09-28'), (93, 2, 18, '2024-10-03'), (94, 2, 22, '2024-09-20'),
(95, 2, 40, '2024-10-15'), (96, 2, 35, '2024-09-25'), (97, 2, 20, '2024-10-08'),
(98, 2, 45, '2024-09-30'), (99, 2, 30, '2024-10-12'),

-- Локация 3 (Санкт-Петербург)
(1, 3, 20, '2024-10-01'), (2, 3, 15, '2024-10-05'), (3, 3, 50, '2024-10-10'),
(4, 3, 30, '2024-09-28'), (5, 3, 40, '2024-10-03'), (6, 3, 25, '2024-09-20'),
(7, 3, 60, '2024-10-15'), (8, 3, 35, '2024-09-25'), (9, 3, 20, '2024-10-08'),
(10, 3, 45, '2024-09-30'), (11, 3, 30, '2024-10-12'),
(12, 3, 25, '2024-10-02'), (13, 3, 18, '2024-10-06'), (14, 3, 22, '2024-09-22'),
(15, 3, 40, '2024-09-18'), (16, 3, 15, '2024-10-12'), (17, 3, 30, '2024-09-28'),
(18, 3, 20, '2024-10-05'), (19, 3, 10, '2024-09-15'), (20, 3, 35, '2024-10-08'),
(21, 3, 28, '2024-09-25'), (22, 3, 12, '2024-10-03'),
(23, 3, 15, '2024-10-01'), (24, 3, 20, '2024-10-05'), (25, 3, 30, '2024-10-10'),
(26, 3, 25, '2024-09-28'), (27, 3, 18, '2024-10-03'), (28, 3, 22, '2024-09-20'),
(29, 3, 40, '2024-10-15'), (30, 3, 35, '2024-09-25'), (31, 3, 20, '2024-10-08'),
(32, 3, 45, '2024-09-30'), (33, , 30, '2024-10-12'),
(34, 3, 20, '2024-10-01'), (35, 3, 15, '2024-10-05'), (36, 3, 50, '2024-10-10'),
(37, 3, 30, '2024-09-28'), (38, 3, 40, '2024-10-03'), (39, 3, 25, '2024-09-20'),
(40, 3, 60, '2024-10-15'), (41, 3, 35, '2024-09-25'), (42, 3, 20, '2024-10-08'),
(43, 3, 45, '2024-09-30'), (44, 3, 30, '2024-10-12'),
(45, 3, 25, '2024-10-02'), (46, 3, 18, '2024-10-06'), (47, 3, 22, '2024-09-22'),
(48, 3, 40, '2024-09-18'), (49, 3, 15, '2024-10-12'), (50, 3, 30, '2024-09-28'),
(51, 3, 20, '2024-10-05'), (52, 3, 10, '2024-09-15'), (53, 3, 35, '2024-10-08'),
(54, 3, 28, '2024-09-25'), (55, 3, 12, '2024-10-03'),
(56, 3, 15, '2024-10-01'), (57, 3, 20, '2024-10-05'), (58, 3, 30, '2024-10-10'),
(59, 3, 25, '2024-09-28'), (60, 3, 18, '2024-10-03'), (61, 3, 22, '2024-09-20'),
(62, 3, 40, '2024-10-15'), (63, 3, 35, '2024-09-25'), (64, 3, 20, '2024-10-08'),
(65, 3, 45, '2024-09-30'), (66, 3, 30, '2024-10-12'),
(67, 3, 20, '2024-10-01'), (68, 3, 15, '2024-10-05'), (69, 3, 50, '2024-10-10'),
(70, 3, 30, '2024-09-28'), (71, 3, 40, '2024-10-03'), (72, 3, 25, '2024-09-20'),
(73, 3, 60, '2024-10-15'), (74, 3, 35, '2024-09-25'), (75, 3, 20, '2024-10-08'),
(76, 3, 45, '2024-09-30'), (77, 3, 30, '2024-10-12'),
(78, 3, 25, '2024-10-02'), (79, 3, 18, '2024-10-06'), (80, 3, 22, '2024-09-22'),
(81, 3, 40, '2024-09-18'), (82, 3, 15, '2024-10-12'), (83, 3, 30, '2024-09-28'),
(84, 3, 20, '2024-10-05'), (85, 3, 10, '2024-09-15'), (86, 3, 35, '2024-10-08'),
(87, 3, 28, '2024-09-25'), (88, 3, 12, '2024-10-03'),
(89, 3, 15, '2024-10-01'), (90, 3, 20, '2024-10-05'), (91, 3, 30, '2024-10-10'),
(92, 3, 25, '2024-09-28'), (93, 3, 18, '2024-10-03'), (94, 3, 22, '2024-09-20'),
(95, 3, 40, '2024-10-15'), (96, 3, 35, '2024-09-25'), (97, 3, 20, '2024-10-08'),
(98, 3, 45, '2024-09-30'), (99, 3, 30, '2024-10-12'),

-- Локация 4 (Екатеринбург)
(1, 4, 20, '2024-10-01'), (2, 4, 15, '2024-10-05'), (3, 4, 50, '2024-10-10'),
(4, 4, 30, '2024-09-28'), (5, 4, 40, '2024-10-03'), (6, 4, 25, '2024-09-20'),
(7, 4, 60, '2024-10-15'), (8, 4, 35, '2024-09-25'), (9, 4, 20, '2024-10-08'),
(10, 4, 45, '2024-09-30'), (11, 4, 30, '2024-10-12'),
(12, 4, 25, '2024-10-02'), (13, 4, 18, '2024-10-06'), (14, 4, 22, '2024-09-22'),
(15, 4, 40, '2024-09-18'), (16, 4, 15, '2024-10-12'), (17, 4, 30, '2024-09-28'),
(18, 4, 20, '2024-10-05'), (19, 4, 10, '2024-09-15'), (20, 4, 35, '2024-10-08'),
(21, 4, 28, '2024-09-25'), (22, 4, 12, '2024-10-03'),
(23, 4, 15, '2024-10-01'), (24, 4, 20, '2024-10-05'), (25, 4, 30, '2024-10-10'),
(26, 4, 25, '2024-09-28'), (27, 4, 18, '2024-10-03'), (28, 4, 22, '2024-09-20'),
(29, 4, 40, '2024-10-15'), (30, 4, 35, '2024-09-25'), (31, 4, 20, '2024-10-08'),
(32, 4, 45, '2024-09-30'), (33, 4, 30, '2024-10-12'),
(34, 4, 20, '2024-10-01'), (35, 4, 15, '2024-10-05'), (36, 4, 50, '2024-10-10'),
(37, 4, 30, '2024-09-28'), (38, 4, 40, '2024-10-03'), (39, 4, 25, '2024-09-20'),
(40, 4, 60, '2024-10-15'), (41, 4, 35, '2024-09-25'), (42, 4, 20, '2024-10-08'),
(43, 4, 45, '2024-09-30'), (44, 4, 30, '2024-10-12'),
(45, 4, 25, '2024-10-02'), (46, 4, 18, '2024-10-06'), (47, 4, 22, '2024-09-22'),
(48, 4, 40, '2024-09-18'), (49, 4, 15, '2024-10-12'), (50, 4, 30, '2024-09-28'),
(51, 4, 20, '2024-10-05'), (52, 4, 10, '2024-09-15'), (53, 4, 35, '2024-10-08'),
(54, 4, 28, '2024-09-25'), (55, 4, 12, '2024-10-03'),
(56, 4, 15, '2024-10-01'), (57, 4, 20, '2024-10-05'), (58, 4, 30, '2024-10-10'),
(59, 4, 25, '2024-09-28'), (60, 4, 18, '2024-10-03'), (61, 4, 22, '2024-09-20'),
(62, 4, 40, '2024-10-15'), (63, 4, 35, '2024-09-25'), (64, 4, 20, '2024-10-08'),
(65, 4, 45, '2024-09-30'), (66, 4, 30, '2024-10-12'),
(67, 4, 20, '2024-10-01'), (68, 4, 15, '2024-10-05'), (69, 4, 50, '2024-10-10'),
(70, 4, 30, '2024-09-28'), (71, 4, 40, '2024-10-03'), (72, 4, 25, '2024-09-20'),
(73, 4, 60, '2024-10-15'), (74, 4, 35, '2024-09-25'), (75, 4, 20, '2024-10-08'),
(76, 4, 45, '2024-09-30'), (77, 4, 30, '2024-10-12'),
(78, 4, 25, '2024-10-02'), (79, 4, 18, '2024-10-06'), (80, 4, 22, '2024-09-22'),
(81, 4, 40, '2024-09-18'), (82, 4, 15, '2024-10-12'), (83, 4, 30, '2024-09-28'),
(84, 4, 20, '2024-10-05'), (85, 4, 10, '2024-09-15'), (86, 4, 35, '2024-10-08'),
(87, 4, 28, '2024-09-25'), (88, 4, 12, '2024-10-03'),
(89, 4, 15, '2024-10-01'), (90, 4, 20, '2024-10-05'), (91, 4, 30, '2024-10-10'),
(92, 4, 25, '2024-09-28'), (93, 4, 18, '2024-10-03'), (94, 4, 22, '2024-09-20'),
(95, 4, 40, '2024-10-15'), (96, 4, 35, '2024-09-25'), (97, 4, 20, '2024-10-08'),
(98, 4, 45, '2024-09-30'), (99, 4, 30, '2024-10-12'),

-- Локация 5 (Ростов-на-Дону)
(1, 5, 20, '2024-10-01'), (2, 5, 15, '2024-10-05'), (3, 5, 50, '2024-10-10'),
(4, 5, 30, '2024-09-28'), (5, 5, 40, '2024-10-03'), (6, 5, 25, '2024-09-20'),
(7, 5, 60, '2024-10-15'), (8, 5, 35, '2024-09-25'), (9, 5, 20, '2024-10-08'),
(10, 5, 45, '2024-09-30'), (11, 5, 30, '2024-10-12'),
(12, 5, 25, '2024-10-02'), (13, 5, 18, '2024-10-06'), (14, 5, 22, '2024-09-22'),
(15, 5, 40, '2024-09-18'), (16, 5, 15, '2024-10-12'), (17, 5, 30, '2024-09-28'),
(18, 5, 20, '2024-10-05'), (19, 5, 10, '2024-09-15'), (20, 5, 35, '2024-10-08'),
(21, 5, 28, '2024-09-25'), (22, 5, 12, '2024-10-03'),
(23, 5, 15, '2024-10-01'), (24, 5, 20, '2024-10-05'), (25, 5, 30, '2024-10-10'),
(26, 5, 25, '2024-09-28'), (27, 5, 18, '2024-10-03'), (28, 5, 22, '2024-09-20'),
(29, 5, 40, '2024-10-15'), (30, 5, 35, '2024-09-25'), (31, 5, 20, '2024-10-08'),
(32, 5, 45, '2024-09-30'), (33, 5, 30, '2024-10-12'),
(34, 5, 20, '2024-10-01'), (35, 5, 15, '2024-10-05'), (36, 5, 50, '2024-10-10'),
(37, 5, 30, '2024-09-28'), (38, 5, 40, '2024-10-03'), (39, 5, 25, '2024-09-20'),
(40, 5, 60, '2024-10-15'), (41, 5, 35, '2024-09-25'), (42, 5, 20, '2024-10-08'),
(43, 5, 45, '2024-09-30'), (44, 5, 30, '2024-10-12'),
(45, 5, 25, '2024-10-02'), (46, 5, 18, '2024-10-06'), (47, 5, 22, '2024-09-22'),
(48, 5, 40, '2024-09-18'), (49, 5, 15, '2024-10-12'), (50, 5, 30, '2024-09-28'),
(51, 5, 20, '2024-10-05'), (52, 5, 10, '2024-09-15'), (53, 5, 35, '2024-10-08'),
(54, 5, 28, '2024-09-25'), (55, 5, 12, '2024-10-03'),
(56, 5, 15, '2024-10-01'), (57, 5, 20, '2024-10-05'), (58, 5, 30, '2024-10-10'),
(59, 5, 25, '2024-09-28'), (60, 5, 18, '2024-10-03'), (61, 5, 22, '2024-09-20'),
(62, 5, 40, '2024-10-15'), (63, 5, 35, '2024-09-25'), (64, 5, 20, '2024-10-08'),
(65, 5, 45, '2024-09-30'), (66, 5, 30, '2024-10-12'),
(67, 5, 20, '2024-10-01'), (68, 5, 15, '2024-10-05'), (69, 5, 50, '2024-10-10'),
(70, 5, 30, '2024-09-28'), (71, 5, 40, '2024-10-03'), (72, 5, 25, '2024-09-20'),
(73, 5, 60, '2024-10-15'), (74, 5, 35, '2024-09-25'), (75, 5, 20, '2024-10-08'),
(76, 5, 45, '2024-09-30'), (77, 5, 30, '2024-10-12'),
(78, 5, 25, '2024-10-02'), (79, 5, 18, '2024-10-06'), (80, 5, 22, '2024-09-22'),
(81, 5, 40, '2024-09-18'), (82, 5, 15, '2024-10-12'), (83, 5, 30, '2024-09-28'),
(84, 5, 20, '2024-10-05'), (85, 5, 10, '2024-09-15'), (86, 5, 35, '2024-10-08'),
(87, 5, 28, '2024-09-25'), (88, 5, 12, '2024-10-03'),
(89, 5, 15, '2024-10-01'), (90, 5, 20, '2024-10-05'), (91, 5, 30, '2024-10-10'),
(92, 5, 25, '2024-09-28'), (93, 5, 18, '2024-10-03'), (94, 5, 22, '2024-09-20'),
(95, 5, 40, '2024-10-15'), (96, 5, 35, '2024-09-25'), (97, 5, 20, '2024-10-08'),
(98, 5, 45, '2024-09-30'), (99, 5, 30, '2024-10-12'),

-- Локация 6 (Волгоград)
(1, 6, 20, '2024-10-01'), (2, 6, 15, '2024-10-05'), (3, 6, 50, '2024-10-10'),
(4, 6, 30, '2024-09-28'), (5, 6, 40, '2024-10-03'), (6, 6, 25, '2024-09-20'),
(7, 6, 60, '2024-10-15'), (8, 6, 35, '2024-09-25'), (9, 6, 20, '2024-10-08'),
(10, 6, 45, '2024-09-30'), (11, 6, 30, '2024-10-12'),
(12, 6, 25, '2024-10-02'), (13, 6, 18, '2024-10-06'), (14, 6, 22, '2024-09-22'),
(15, 6, 40, '2024-09-18'), (16, 6, 15, '2024-10-12'), (17, 6, 30, '2024-09-28'),
(18, 6, 20, '2024-10-05'), (19, 6, 10, '2024-09-15'), (20, 6, 35, '2024-10-08'),
(21, 6, 28, '2024-09-25'), (22, 6, 12, '2024-10-03'),
(23, 6, 15, '2024-10-01'), (24, 6, 20, '2024-10-05'), (25, 6, 30, '2024-10-10'),
(26, 6, 25, '2024-09-28'), (27, 6, 18, '2024-10-03'), (28, 6, 22, '2024-09-20'),
(29, 6, 40, '2024-10-15'), (30, 6, 35, '2024-09-25'), (31, 6, 20, '2024-10-08'),
(32, 6, 45, '2024-09-30'), (33, 6, 30, '2024-10-12'),
(34, 6, 20, '2024-10-01'), (35, 6, 15, '2024-10-05'), (36, 6, 50, '2024-10-10'),
(37, 6, 30, '2024-09-28'), (38, 6, 40, '2024-10-03'), (39, 6, 25, '2024-09-20'),
(40, 6, 60, '2024-10-15'), (41, 6, 35, '2024-09-25'), (42, 6, 20, '2024-10-08'),
(43, 6, 45, '2024-09-30'), (44, 6, 30, '2024-10-12'),
(45, 6, 25, '2024-10-02'), (46, 6, 18, '2024-10-06'), (47, 6, 22, '2024-09-22'),
(48, 6, 40, '2024-09-18'), (49, 6, 15, '2024-10-12'), (50, 6, 30, '2024-09-28'),
(51, 6, 20, '2024-10-05'), (52, 6, 10, '2024-09-15'), (53, 6, 35, '2024-10-08'),
(54, 6, 28, '2024-09-25'), (55, 6, 12, '2024-10-03'),
(56, 6, 15, '2024-10-01'), (57, 6, 20, '2024-10-05'), (58, 6, 30, '2024-10-10'),
(59, 6, 25, '2024-09-28'), (60, 6, 18, '2024-10-03'), (61, 6, 22, '2024-09-20'),
(62, 6, 40, '2024-10-15'), (63, 6, 35, '2024-09-25'), (64, 6, 20, '2024-10-08'),
(65, 6, 45, '2024-09-30'), (66, 6, 30, '2024-10-12'),
(67, 6, 20, '2024-10-01'), (68, 6, 15, '2024-10-05'), (69, 6, 50, '2024-10-10'),
(70, 6, 30, '2024-09-28'), (71, 6, 40, '2024-10-03'), (72, 6, 25, '2024-09-20'),
(73, 6, 60, '2024-10-15'), (74, 6, 35, '2024-09-25'), (75, 6, 20, '2024-10-08'),
(76, 6, 45, '2024-09-30'), (77, 6, 30, '2024-10-12'),
(78, 6, 25, '2024-10-02'), (79, 6, 18, '2024-10-06'), (80, 6, 22, '2024-09-22'),
(81, 6, 40, '2024-09-18'), (82, 6, 15, '2024-10-12'), (83, 6, 30, '2024-09-28'),
(84, 6, 20, '2024-10-05'), (85, 6, 10, '2024-09-15'), (86, 6, 35, '2024-10-08'),
(87, 6, 28, '2024-09-25'), (88, 6, 12, '2024-10-03'),
(89, 6, 15, '2024-10-01'), (90, 6, 20, '2024-10-05'), (91, 6, 30, '2024-10-10'),
(92, 6, 25, '2024-09-28'), (93, 6, 18, '2024-10-03'), (94, 6, 22, '2024-09-20'),
(95, 6, 40, '2024-10-15'), (96, 6, 35, '2024-09-25'), (97, 6, 20, '2024-10-08'),
(98, 6, 45, '2024-09-30'), (99, 6, 30, '2024-10-12'),

-- Локация 7 (Белгород)
(1, 7, 20, '2024-10-01'), (2, 7, 15, '2024-10-05'), (3, 7, 50, '2024-10-10'),
(4, 7, 30, '2024-09-28'), (5, 7, 40, '2024-10-03'), (6, 7, 25, '2024-09-20'),
(7, 7, 60, '2024-10-15'), (8, 7, 35, '2024-09-25'), (9, 7, 20, '2024-10-08'),
(10, 7, 45, '2024-09-30'), (11, 7, 30, '2024-10-12'),
(12, 7, 25, '2024-10-02'), (13, 7, 18, '2024-10-06'), (14, 7, 22, '2024-09-22'),
(15, 7, 40, '2024-09-18'), (16, 7, 15, '2024-10-12'), (17, 7, 30, '2024-09-28'),
(18, 7, 20, '2024-10-05'), (19, 7, 10, '2024-09-15'), (20, 7, 35, '2024-10-08'),
(21, 7, 28, '2024-09-25'), (22, 7, 12, '2024-10-03'),
(23, 7, 15, '2024-10-01'), (24, 7, 20, '2024-10-05'), (25, 7, 30, '2024-10-10'),
(26, 7, 25, '2024-09-28'), (27, 7, 18, '2024-10-03'), (28, 7, 22, '2024-09-20'),
(29, 7, 40, '2024-10-15'), (30, 7, 35, '2024-09-25'), (31, 7, 20, '2024-10-08'),
(32, 7, 45, '2024-09-30'), (33, 7, 30, '2024-10-12'),
(34, 7, 20, '2024-10-01'), (35, 7, 15, '2024-10-05'), (36, 7, 50, '2024-10-10'),
(37, 7, 30, '2024-09-28'), (38, 7, 40, '2024-10-03'), (39, 7, 25, '2024-09-20'),
(40, 7, 60, '2024-10-15'), (41, 7, 35, '2024-09-25'), (42, 7, 20, '2024-10-08'),
(43, 7, 45, '2024-09-30'), (44, 7, 30, '2024-10-12'),
(45, 7, 25, '2024-10-02'), (46, 7, 18, '2024-10-06'), (47, 7, 22, '2024-09-22'),
(48, 7, 40, '2024-09-18'), (49, 7, 15, '2024-10-12'), (50, 7, 30, '2024-09-28'),
(51, 7, 20, '2024-10-05'), (52, 7, 10, '2024-09-15'), (53, 7, 35, '2024-10-08'),
(54, 7, 28, '2024-09-25'), (55, 7, 12, '2024-10-03'),
(56, 7, 15, '2024-10-01'), (57, 7, 20, '2024-10-05'), (58, 7, 30, '2024-10-10'),
(59, 7, 25, '2024-09-28'), (60, 7, 18, '2024-10-03'), (61, 7, 22, '2024-09-20'),
(62, 7, 40, '2024-10-15'), (63, 7, 35, '2024-09-25'), (64, 7, 20, '2024-10-08'),
(65, 7, 45, '2024-09-30'), (66, 7, 30, '2024-10-12'),
(67, 7, 20, '2024-10-01'), (68, 7, 15, '2024-10-05'), (69, 7, 50, '2024-10-10'),
(70, 7, 30, '2024-09-28'), (71, 7, 40, '2024-10-03'), (72, 7, 25, '2024-09-20'),
(73, 7, 60, '2024-10-15'), (74, 7, 35, '2024-09-25'), (75, 7, 20, '2024-10-08'),
(76, 7, 45, '2024-09-30'), (77, 7, 30, '2024-10-12'),
(78, 7, 25, '2024-10-02'), (79, 7, 18, '2024-10-06'), (80, 7, 22, '2024-09-22'),
(81, 7, 40, '2024-09-18'), (82, 7, 15, '2024-10-12'), (83, 7, 30, '2024-09-28'),
(84, 7, 20, '2024-10-05'), (85, 7, 10, '2024-09-15'), (86, 7, 35, '2024-10-08'),
(87, 7, 28, '2024-09-25'), (88, 7, 12, '2024-10-03'),
(89, 7, 15, '2024-10-01'), (90, 7, 20, '2024-10-05'), (91, 7, 30, '2024-10-10'),
(92, 7, 25, '2024-09-28'), (93, 7, 18, '2024-10-03'), (94, 7, 22, '2024-09-20'),
(95, 7, 40, '2024-10-15'), (96, 7, 35, '2024-09-25'), (97, 7, 20, '2024-10-08'),
(98, 7, 45, '2024-09-30'), (99, 7, 30, '2024-10-12'),

-- Локация 8 (Новосибирск)
(1, 8, 20, '2024-10-01'), (2, 8, 15, '2024-10-05'), (3, 8, 50, '2024-10-10'),
(4, 8, 30, '2024-09-28'), (5, 8, 40, '2024-10-03'), (6, 8, 25, '2024-09-20'),
(7, 8, 60, '2024-10-15'), (8, 8, 35, '2024-09-25'), (9, 8, 20, '2024-10-08'),
(10, 8, 45, '2024-09-30'), (11, 8, 30, '2024-10-12'),
(12, 8, 25, '2024-10-02'), (13, 8, 18, '2024-10-06'), (14, 8, 22, '2024-09-22'),
(15, 8, 40, '2024-09-18'), (16, 8, 15, '2024-10-12'), (17, 8, 30, '2024-09-28'),
(18, 8, 20, '2024-10-05'), (19, 8, 10, '2024-09-15'), (20, 8, 35, '2024-10-08'),
(21, 8, 28, '2024-09-25'), (22, 8, 12, '2024-10-03'),
(23, 8, 15, '2024-10-01'), (24, 8, 20, '2024-10-05'), (25, 8, 30, '2024-10-10'),
(26, 8, 25, '2024-09-28'), (27, 8, 18, '2024-10-03'), (28, 8, 22, '2024-09-20'),
(29, 8, 40, '2024-10-15'), (30, 8, 35, '2024-09-25'), (31, 8, 20, '2024-10-08'),
(32, 8, 45, '2024-09-30'), (33, 8, 30, '2024-10-12'),
(34, 8, 20, '2024-10-01'), (35, 8, 15, '2024-10-05'), (36, 8, 50, '2024-10-10'),
(37, 8, 30, '2024-09-28'), (38, 8, 40, '2024-10-03'), (39, 8, 25, '2024-09-20'),
(40, 8, 60, '2024-10-15'), (41, 8, 35, '2024-09-25'), (42, 8, 20, '2024-10-08'),
(43, 8, 45, '2024-09-30'), (44, 8, 30, '2024-10-12'),
(45, 8, 25, '2024-10-02'), (46, 8, 18, '2024-10-06'), (47, 8, 22, '2024-09-22'),
(48, 8, 40, '2024-09-18'), (49, 8, 15, '2024-10-12'), (50, 8, 30, '2024-09-28'),
(51, 8, 20, '2024-10-05'), (52, 8, 10, '2024-09-15'), (53, 8, 35, '2024-10-08'),
(54, 8, 28, '2024-09-25'), (55, 8, 12, '2024-10-03'),
(56, 8, 15, '2024-10-01'), (57, 8, 20, '2024-10-05'), (58, 8, 30, '2024-10-10'),
(59, 8, 25, '2024-09-28'), (60, 8, 18, '2024-10-03'), (61, 8, 22, '2024-09-20'),
(62, 8, 40, '2024-10-15'), (63, 8, 35, '2024-09-25'), (64, 8, 20, '2024-10-08'),
(65, 8, 45, '2024-09-30'), (66, 8, 30, '2024-10-12'),
(67, 8, 20, '2024-10-01'), (68, 8, 15, '2024-10-05'), (69, 8, 50, '2024-10-10'),
(70, 8, 30, '2024-09-28'), (71, 8, 40, '2024-10-03'), (72, 8, 25, '2024-09-20'),
(73, 8, 60, '2024-10-15'), (74, 8, 35, '2024-09-25'), (75, 8, 20, '2024-10-08'),
(76, 8, 45, '2024-09-30'), (77, 8, 30, '2024-10-12'),
(78, 8, 25, '2024-10-02'), (79, 8, 18, '2024-10-06'), (80, 8, 22, '2024-09-22'),
(81, 8, 40, '2024-09-18'), (82, 8, 15, '2024-10-12'), (83, 8, 30, '2024-09-28'),
(84, 8, 20, '2024-10-05'), (85, 8, 10, '2024-09-15'), (86, 8, 35, '2024-10-08'),
(87, 8, 28, '2024-09-25'), (88, 8, 12, '2024-10-03'),
(89, 8, 15, '2024-10-01'), (90, 8, 20, '2024-10-05'), (91, 8, 30, '2024-10-10'),
(92, 8, 25, '2024-09-28'), (93, 8, 18, '2024-10-03'), (94, 8, 22, '2024-09-20'),
(95, 8, 40, '2024-10-15'), (96, 8, 35, '2024-09-25'), (97, 8, 20, '2024-10-08'),
(98, 8, 45, '2024-09-30'), (99, 8, 30, '2024-10-12'),

-- Локация 9 (Владивосток)
(1, 9, 20, '2024-10-01'), (2, 9, 15, '2024-10-05'), (3, 9, 50, '2024-10-10'),
(4, 9, 30, '2024-09-28'), (5, 9, 40, '2024-10-03'), (6, 9, 25, '2024-09-20'),
(7, 9, 60, '2024-10-15'), (8, 9, 35, '2024-09-25'), (9, 9, 20, '2024-10-08'),
(10, 9, 45, '2024-09-30'), (11, 9, 30, '2024-10-12'),
(12, 9, 25, '2024-10-02'), (13, 9, 18, '2024-10-06'), (14, 9, 22, '2024-09-22'),
(15, 9, 40, '2024-09-18'), (16, 9, 15, '2024-10-12'), (17, 9, 30, '2024-09-28'),
(18, 9, 20, '2024-10-05'), (19, 9, 10, '2024-09-15'), (20, 9, 35, '2024-10-08'),
(21, 9, 28, '2024-09-25'), (22, 9, 12, '2024-10-03'),
(23, 9, 15, '2024-10-01'), (24, 9, 20, '2024-10-05'), (25, 9, 30, '2024-10-10'),
(26, 9, 25, '2024-09-28'), (27, 9, 18, '2024-10-03'), (28, 9, 22, '2024-09-20'),
(29, 9, 40, '2024-10-15'), (30, 9, 35, '2024-09-25'), (31, 9, 20, '2024-10-08'),
(32, 9, 45, '2024-09-30'), (33, 9, 30, '2024-10-12'),
(34, 9, 20, '2024-10-01'), (35, 9, 15, '2024-10-05'), (36, 9, 50, '2024-10-10'),
(37, 9, 30, '2024-09-28'), (38, 9, 40, '2024-10-03'), (39, 9, 25, '2024-09-20'),
(40, 9, 60, '2024-10-15'), (41, 9, 35, '2024-09-25'), (42, 9, 20, '2024-10-08'),
(43, 9, 45, '2024-09-30'), (44, 9, 30, '2024-10-12'),
(45, 9, 25, '2024-10-02'), (46, 9, 18, '2024-10-06'), (47, 9, 22, '2024-09-22'),
(48, 9, 40, '2024-09-18'), (49, 9, 15, '2024-10-12'), (50, 9, 30, '2024-09-28'),
(51, 9, 20, '2024-10-05'), (52, 9, 10, '2024-09-15'), (53, 9, 35, '2024-10-08'),
(54, 9, 28, '2024-09-25'), (55, 9, 12, '2024-10-03'),
(56, 9, 15, '2024-10-01'), (57, 9, 20, '2024-10-05'), (58, 9, 30, '2024-10-10'),
(59, 9, 25, '2024-09-28'), (60, 9, 18, '2024-10-03'), (61, 9, 22, '2024-09-20'),
(62, 9, 40, '2024-10-15'), (63, 9, 35, '2024-09-25'), (64, 9, 20, '2024-10-08'),
(65, 9, 45, '2024-09-30'), (66, 9, 30, '2024-10-12'),
(67, 9, 20, '2024-10-01'), (68, 9, 15, '2024-10-05'), (69, 9, 50, '2024-10-10'),
(70, 9, 30, '2024-09-28'), (71, 9, 40, '2024-10-03'), (72, 9, 25, '2024-09-20'),
(73, 9, 60, '2024-10-15'), (74, 9, 35, '2024-09-25'), (75, 9, 20, '2024-10-08'),
(76, 9, 45, '2024-09-30'), (77, 9, 30, '2024-10-12'),
(78, 9, 25, '2024-10-02'), (79, 9, 18, '2024-10-06'), (80, 9, 22, '2024-09-22'),
(81, 9, 40, '2024-09-18'), (82, 9, 15, '2024-10-12'), (83, 9, 30, '2024-09-28'),
(84, 9, 20, '2024-10-05'), (85, 9, 10, '2024-09-15'), (86, 9, 35, '2024-10-08'),
(87, 9, 28, '2024-09-25'), (88, 9, 12, '2024-10-03'),
(89, 9, 15, '2024-10-01'), (90, 9, 20, '2024-10-05'), (91, 9, 30, '2024-10-10'),
(92, 9, 25, '2024-09-28'), (93, 9, 18, '2024-10-03'), (94, 9, 22, '2024-09-20'),
(95, 9, 40, '2024-10-15'), (96, 9, 35, '2024-09-25'), (97, 9, 20, '2024-10-08'),
(98, 9, 45, '2024-09-30'), (99, 9, 30, '2024-10-12'),

-- Локация 10 (Ярославль)
(1, 10, 20, '2024-10-01'), (2, 10, 15, '2024-10-05'), (3, 10, 50, '2024-10-10'),
(4, 10, 30, '2024-09-28'), (5, 10, 40, '2024-10-03'), (6, 10, 25, '2024-09-20'),
(7, 10, 60, '2024-10-15'), (8, 10, 35, '2024-09-25'), (9, 10, 20, '2024-10-08'),
(10, 10, 45, '2024-09-30'), (11, 10, 30, '2024-10-12'),
(12, 10, 25, '2024-10-02'), (13, 10, 18, '2024-10-06'), (14, 10, 22, '2024-09-22'),
(15, 10, 40, '2024-09-18'), (16, 10, 15, '2024-10-12'), (17, 10, 30, '2024-09-28'),
(18, 10, 20, '2024-10-05'), (19, 10, 10, '2024-09-15'), (20, 10, 35, '2024-10-08'),
(21, 10, 28, '2024-09-25'), (22, 10, 12, '2024-10-03'),
(23, 10, 15, '2024-10-01'), (24, 10, 20, '2024-10-05'), (25, 10, 30, '2024-10-10'),
(26, 10, 25, '2024-09-28'), (27, 10, 18, '2024-10-03'), (28, 10, 22, '2024-09-20'),
(29, 10, 40, '2024-10-15'), (30, 10, 35, '2024-09-25'), (31, 10, 20, '2024-10-08'),
(32, 10, 45, '2024-09-30'), (33, 10, 30, '2024-10-12'),
(34, 10, 20, '2024-10-01'), (35, 10, 15, '2024-10-05'), (36, 10, 50, '2024-10-10'),
(37, 10, 30, '2024-09-28'), (38, 10, 40, '2024-10-03'), (39, 10, 25, '2024-09-20'),
(40, 10, 60, '2024-10-15'), (41, 10, 35, '2024-09-25'), (42, 10, 20, '2024-10-08'),
(43, 10, 45, '2024-09-30'), (44, 10, 30, '2024-10-12'),
(45, 10, 25, '2024-10-02'), (46, 10, 18, '2024-10-06'), (47, 10, 22, '2024-09-22'),
(48, 10, 40, '2024-09-18'), (49, 10, 15, '2024-10-12'), (50, 10, 30, '2024-09-28'),
(51, 10, 20, '2024-10-05'), (52, 10, 10, '2024-09-15'), (53, 10, 35, '2024-10-08'),
(54, 10, 28, '2024-09-25'), (55, 10, 12, '2024-10-03'),
(56, 10, 15, '2024-10-01'), (57, 10, 20, '2024-10-05'), (58, 10, 30, '2024-10-10'),
(59, 10, 25, '2024-09-28'), (60, 10, 18, '2024-10-03'), (61, 10, 22, '2024-09-20'),
(62, 10, 40, '2024-10-15'), (63, 10, 35, '2024-09-25'), (64, 10, 20, '2024-10-08'),
(65, 10, 45, '2024-09-30'), (66, 10, 30, '2024-10-12'),
(67, 10, 20, '2024-10-01'), (68, 10, 15, '2024-10-05'), (69, 10, 50, '2024-10-10'),
(70, 10, 30, '2024-09-28'), (71, 10, 40, '2024-10-03'), (72, 10, 25, '2024-09-20'),
(73, 10, 60, '2024-10-15'), (74, 10, 35, '2024-09-25'), (75, 10, 20, '2024-10-08'),
(76, 10, 45, '2024-09-30'), (77, 10, 30, '2024-10-12'),
(78, 10, 25, '2024-10-02'), (79, 10, 18, '2024-10-06'), (80, 10, 22, '2024-09-22'),
(81, 10, 40, '2024-09-18'), (82, 10, 15, '2024-10-12'), (83, 10, 30, '2024-09-28'),
(84, 10, 20, '2024-10-05'), (85, 10, 10, '2024-09-15'), (86, 10, 35, '2024-10-08'),
(87, 10, 28, '2024-09-25'), (88, 10, 12, '2024-10-03'),
(89, 10, 15, '2024-10-01'), (90, 10, 20, '2024-10-05'), (91, 10, 30, '2024-10-10'),
(92, 10, 25, '2024-09-28'), (93, 10, 18, '2024-10-03'), (94, 10, 22, '2024-09-20'),
(95, 10, 40, '2024-10-15'), (96, 10, 35, '2024-09-25'), (97, 10, 20, '2024-10-08'),
(98, 10, 45, '2024-09-30'), (99, 10, 30, '2024-10-12'),

-- Локация 11 (Архангельск)
(1, 11, 20, '2024-10-01'), (2, 11, 15, '2024-10-05'), (3, 11, 50, '2024-10-10'),
(4, 11, 30, '2024-09-28'), (5, 11, 40, '2024-10-03'), (6, 11, 25, '2024-09-20'),
(7, 11, 60, '2024-10-15'), (8, 11, 35, '2024-09-25'), (9, 11, 20, '2024-10-08'),
(10, 11, 45, '2024-09-30'), (11, 11, 30, '2024-10-12'),
(12, 11, 25, '2024-10-02'), (13, 11, 18, '2024-10-06'), (14, 11, 22, '2024-09-22'),
(15, 11, 40, '2024-09-18'), (16, 11, 15, '2024-10-12'), (17, 11, 30, '2024-09-28'),
(18, 11, 20, '2024-10-05'), (19, 11, 10, '2024-09-15'), (20, 11, 35, '2024-10-08'),
(21, 11, 28, '2024-09-25'), (22, 11, 12, '2024-10-03'),
(23, 11, 15, '2024-10-01'), (24, 11, 20, '2024-10-05'), (25, 11, 30, '2024-10-10'),
(26, 11, 25, '2024-09-28'), (27, 11, 18, '2024-10-03'), (28, 11, 22, '2024-09-20'),
(29, 11, 40, '2024-10-15'), (30, 11, 35, '2024-09-25'), (31, 11, 20, '2024-10-08'),
(32, 11, 45, '2024-09-30'), (33, 11, 30, '2024-10-12'),
(34, 11, 20, '2024-10-01'), (35, 11, 15, '2024-10-05'), (36, 11, 50, '2024-10-10'),
(37, 11, 30, '2024-09-28'), (38, 11, 40, '2024-10-03'), (39, 11, 25, '2024-09-20'),
(40, 11, 60, '2024-10-15'), (41, 11, 35, '2024-09-25'), (42, 11, 20, '2024-10-08'),
(43, 11, 45, '2024-09-30'), (44, 11, 30, '2024-10-12'),
(45, 11, 25, '2024-10-02'), (46, 11, 18, '2024-10-06'), (47, 11, 22, '2024-09-22'),
(48, 11, 40, '2024-09-18'), (49, 11, 15, '2024-10-12'), (50, 11, 30, '2024-09-28'),
(51, 11, 20, '2024-10-05'), (52, 11, 10, '2024-09-15'), (53, 11, 35, '2024-10-08'),
(54, 11, 28, '2024-09-25'), (55, 11, 12, '2024-10-03'),
(56, 11, 15, '2024-10-01'), (57, 11, 20, '2024-10-05'), (58, 11, 30, '2024-10-10'),
(59, 11, 25, '2024-09-28'), (60, 11, 18, '2024-10-03'), (61, 11, 22, '2024-09-20'),
(62, 11, 40, '2024-10-15'), (63, 11, 35, '2024-09-25'), (64, 11, 20, '2024-10-08'),
(65, 11, 45, '2024-09-30'), (66, 11, 30, '2024-10-12'),
(67, 11, 20, '2024-10-01'), (68, 11, 15, '2024-10-05'), (69, 11, 50, '2024-10-10'),
(70, 11, 30, '2024-09-28'), (71, 11, 40, '2024-10-03'), (72, 11, 25, '2024-09-20'),
(73, 11, 60, '2024-10-15'), (74, 11, 35, '2024-09-25'), (75, 11, 20, '2024-10-08'),
(76, 11, 45, '2024-09-30'), (77, 11, 30, '2024-10-12'),
(78, 11, 25, '2024-10-02'), (79, 11, 18, '2024-10-06'), (80, 11, 22, '2024-09-22'),
(81, 11, 40, '2024-09-18'), (82, 11, 15, '2024-10-12'), (83, 11, 30, '2024-09-28'),
(84, 11, 20, '2024-10-05'), (85, 11, 10, '2024-09-15'), (86, 11, 35, '2024-10-08'),
(87, 11, 28, '2024-09-25'), (88, 11, 12, '2024-10-03'),
(89, 11, 15, '2024-10-01'), (90, 11, 20, '2024-10-05'), (91, 11, 30, '2024-10-10'),
(92, 11, 25, '2024-09-28'), (93, 11, 18, '2024-10-03'), (94, 11, 22, '2024-09-20'),
(95, 11, 40, '2024-10-15'), (96, 11, 35, '2024-09-25'), (97, 11, 20, '2024-10-08'),
(98, 11, 45, '2024-09-30'), (99, 11, 30, '2024-10-12'),

-- Локация 12 (Минск)
(1, 12, 20, '2024-10-01'), (2, 12, 15, '2024-10-05'), (3, 12, 50, '2024-10-10'),
(4, 12, 30, '2024-09-28'), (5, 12, 40, '2024-10-03'), (6, 12, 25, '2024-09-20'),
(7, 12, 60, '2024-10-15'), (8, 12, 35, '2024-09-25'), (9, 12, 20, '2024-10-08'),
(10, 12, 45, '2024-09-30'), (11, 12, 30, '2024-10-12'),
(12, 12, 25, '2024-10-02'), (13, 12, 18, '2024-10-06'), (14, 12, 22, '2024-09-22'),
(15, 12, 40, '2024-09-18'), (16, 12, 15, '2024-10-12'), (17, 12, 30, '2024-09-28'),
(18, 12, 20, '2024-10-05'), (19, 12, 10, '2024-09-15'), (20, 12, 35, '2024-10-08'),
(21, 12, 28, '2024-09-25'), (22, 12, 12, '2024-10-03'),
(23, 12, 15, '2024-10-01'), (24, 12, 20, '2024-10-05'), (25, 12, 30, '2024-10-10'),
(26, 12, 25, '2024-09-28'), (27, 12, 18, '2024-10-03'), (28, 12, 22, '2024-09-20'),
(29, 12, 40, '2024-10-15'), (30, 12, 35, '2024-09-25'), (31, 12, 20, '2024-10-08'),
(32, 12, 45, '2024-09-30'), (33, 12, 30, '2024-10-12'),
(34, 12, 20, '2024-10-01'), (35, 12, 15, '2024-10-05'), (36, 12, 50, '2024-10-10'),
(37, 12, 30, '2024-09-28'), (38, 12, 40, '2024-10-03'), (39, 12, 25, '2024-09-20'),
(40, 12, 60, '2024-10-15'), (41, 12, 35, '2024-09-25'), (42, 12, 20, '2024-10-08'),
(43, 12, 45, '2024-09-30'), (44, 12, 30, '2024-10-12'),
(45, 12, 25, '2024-10-02'), (46, 12, 18, '2024-10-06'), (47, 12, 22, '2024-09-22'),
(48, 12, 40, '2024-09-18'), (49, 12, 15, '2024-10-12'), (50, 12, 30, '2024-09-28'),
(51, 12, 20, '2024-10-05'), (52, 12, 10, '2024-09-15'), (53, 12, 35, '2024-10-08'),
(54, 12, 28, '2024-09-25'), (55, 12, 12, '2024-10-03'),
(56, 12, 15, '2024-10-01'), (57, 12, 20, '2024-10-05'), (58, 12, 30, '2024-10-10'),
(59, 12, 25, '2024-09-28'), (60, 12, 18, '2024-10-03'), (61, 12, 22, '2024-09-20'),
(62, 12, 40, '2024-10-15'), (63, 12, 35, '2024-09-25'), (64, 12, 20, '2024-10-08'),
(65, 12, 45, '2024-09-30'), (66, 12, 30, '2024-10-12'),
(67, 12, 20, '2024-10-01'), (68, 12, 15, '2024-10-05'), (69, 12, 50, '2024-10-10'),
(70, 12, 30, '2024-09-28'), (71, 12, 40, '2024-10-03'), (72, 12, 25, '2024-09-20'),
(73, 12, 60, '2024-10-15'), (74, 12, 35, '2024-09-25'), (75, 12, 20, '2024-10-08'),
(76, 12, 45, '2024-09-30'), (77, 12, 30, '2024-10-12'),
(78, 12, 25, '2024-10-02'), (79, 12, 18, '2024-10-06'), (80, 12, 22, '2024-09-22'),
(81, 12, 40, '2024-09-18'), (82, 12, 15, '2024-10-12'), (83, 12, 30, '2024-09-28'),
(84, 12, 20, '2024-10-05'), (85, 12, 10, '2024-09-15'), (86, 12, 35, '2024-10-08'),
(87, 12, 28, '2024-09-25'), (88, 12, 12, '2024-10-03'),
(89, 12, 15, '2024-10-01'), (90, 12, 20, '2024-10-05'), (91, 12, 30, '2024-10-10'),
(92, 12, 25, '2024-09-28'), (93, 12, 18, '2024-10-03'), (94, 12, 22, '2024-09-20'),
(95, 12, 40, '2024-10-15'), (96, 12, 35, '2024-09-25'), (97, 12, 20, '2024-10-08'),
(98, 12, 45, '2024-09-30'), (99, 12, 30, '2024-10-12'),

-- Локация 13 (Гомель)
(1, 13, 20, '2024-10-01'), (2, 13, 15, '2024-10-05'), (3, 13, 50, '2024-10-10'),
(4, 13, 30, '2024-09-28'), (5, 13, 40, '2024-10-03'), (6, 13, 25, '2024-09-20'),
(7, 13, 60, '2024-10-15'), (8, 13, 35, '2024-09-25'), (9, 13, 20, '2024-10-08'),
(10, 13, 45, '2024-09-30'), (11, 13, 30, '2024-10-12'),
(12, 13, 25, '2024-10-02'), (13, 13, 18, '2024-10-06'), (14, 13, 22, '2024-09-22'),
(15, 13, 40, '2024-09-18'), (16, 13, 15, '2024-10-12'), (17, 13, 30, '2024-09-28'),
(18, 13, 20, '2024-10-05'), (19, 13, 10, '2024-09-15'), (20, 13, 35, '2024-10-08'),
(21, 13, 28, '2024-09-25'), (22, 13, 12, '2024-10-03'),
(23, 13, 15, '2024-10-01'), (24, 13, 20, '2024-10-05'), (25, 13, 30, '2024-10-10'),
(26, 13, 25, '2024-09-28'), (27, 13, 18, '2024-10-03'), (28, 13, 22, '2024-09-20'),
(29, 13, 40, '2024-10-15'), (30, 13, 35, '2024-09-25'), (31, 13, 20, '2024-10-08'),
(32, 13, 45, '2024-09-30'), (33, 13, 30, '2024-10-12'),
(34, 13, 20, '2024-10-01'), (35, 13, 15, '2024-10-05'), (36, 13, 50, '2024-10-10'),
(37, 13, 30, '2024-09-28'), (38, 13, 40, '2024-10-03'), (39, 13, 25, '2024-09-20'),
(40, 13, 60, '2024-10-15'), (41, 13, 35, '2024-09-25'), (42, 13, 20, '2024-10-08'),
(43, 13, 45, '2024-09-30'), (44, 13, 30, '2024-10-12'),
(45, 13, 25, '2024-10-02'), (46, 13, 18, '2024-10-06'), (47, 13, 22, '2024-09-22'),
(48, 13, 40, '2024-09-18'), (49, 13, 15, '2024-10-12'), (50, 13, 30, '2024-09-28'),
(51, 13, 20, '2024-10-05'), (52, 13, 10, '2024-09-15'), (53, 13, 35, '2024-10-08'),
(54, 13, 28, '2024-09-25'), (55, 13, 12, '2024-10-03'),
(56, 13, 15, '2024-10-01'), (57, 13, 20, '2024-10-05'), (58, 13, 30, '2024-10-10'),
(59, 13, 25, '2024-09-28'), (60, 13, 18, '2024-10-03'), (61, 13, 22, '2024-09-20'),
(62, 13, 40, '2024-10-15'), (63, 13, 35, '2024-09-25'), (64, 13, 20, '2024-10-08'),
(65, 13, 45, '2024-09-30'), (66, 13, 30, '2024-10-12'),
(67, 13, 20, '2024-10-01'), (68, 13, 15, '2024-10-05'), (69, 13, 50, '2024-10-10'),
(70, 13, 30, '2024-09-28'), (71, 13, 40, '2024-10-03'), (72, 13, 25, '2024-09-20'),
(73, 13, 60, '2024-10-15'), (74, 13, 35, '2024-09-25'), (75, 13, 20, '2024-10-08'),
(76, 13, 45, '2024-09-30'), (77, 13, 30, '2024-10-12'),
(78, 13, 25, '2024-10-02'), (79, 13, 18, '2024-10-06'), (80, 13, 22, '2024-09-22'),
(81, 13, 40, '2024-09-18'), (82, 13, 15, '2024-10-12'), (83, 13, 30, '2024-09-28'),
(84, 13, 20, '2024-10-05'), (85, 13, 10, '2024-09-15'), (86, 13, 35, '2024-10-08'),
(87, 13, 28, '2024-09-25'), (88, 13, 12, '2024-10-03'),
(89, 13, 15, '2024-10-01'), (90, 13, 20, '2024-10-05'), (91, 13, 30, '2024-10-10'),
(92, 13, 25, '2024-09-28'), (93, 13, 18, '2024-10-03'), (94, 13, 22, '2024-09-20'),
(95, 13, 40, '2024-10-15'), (96, 13, 35, '2024-09-25'), (97, 13, 20, '2024-10-08'),
(98, 13, 45, '2024-09-30'), (99, 13, 30, '2024-10-12'),

-- Локация 14 (Астана)
(1, 14, 20, '2024-10-01'), (2, 14, 15, '2024-10-05'), (3, 14, 50, '2024-10-10'),
(4, 14, 30, '2024-09-28'), (5, 14, 40, '2024-10-03'), (6, 14, 25, '2024-09-20'),
(7, 14, 60, '2024-10-15'), (8, 14, 35, '2024-09-25'), (9, 14, 20, '2024-10-08'),
(10, 14, 45, '2024-09-30'), (11, 14, 30, '2024-10-12'),
(12, 14, 25, '2024-10-02'), (13, 14, 18, '2024-10-06'), (14, 14, 22, '2024-09-22'),
(15, 14, 40, '2024-09-18'), (16, 14, 15, '2024-10-12'), (17, 14, 30, '2024-09-28'),
(18, 14, 20, '2024-10-05'), (19, 14, 10, '2024-09-15'), (20, 14, 35, '2024-10-08'),
(21, 14, 28, '2024-09-25'), (22, 14, 12, '2024-10-03'),
(23, 14, 15, '2024-10-01'), (24, 14, 20, '2024-10-05'), (25, 14, 30, '2024-10-10'),
(26, 14, 25, '2024-09-28'), (27, 14, 18, '2024-10-03'), (28, 14, 22, '2024-09-20'),
(29, 14, 40, '2024-10-15'), (30, 14, 35, '2024-09-25'), (31, 14, 20, '2024-10-08'),
(32, 14, 45, '2024-09-30'), (33, 14, 30, '2024-10-12'),
(34, 14, 20, '2024-10-01'), (35, 14, 15, '2024-10-05'), (36, 14, 50, '2024-10-10'),
(37, 14, 30, '2024-09-28'), (38, 14, 40, '2024-10-03'), (39, 14, 25, '2024-09-20'),
(40, 14, 60, '2024-10-15'), (41, 14, 35, '2024-09-25'), (42, 14, 20, '2024-10-08'),
(43, 14, 45, '2024-09-30'), (44, 14, 30, '2024-10-12'),
(45, 14, 25, '2024-10-02'), (46, 14, 18, '2024-10-06'), (47, 14, 22, '2024-09-22'),
(48, 14, 40, '2024-09-18'), (49, 14, 15, '2024-10-12'), (50, 14, 30, '2024-09-28'),
(51, 14, 20, '2024-10-05'), (52, 14, 10, '2024-09-15'), (53, 14, 35, '2024-10-08'),
(54, 14, 28, '2024-09-25'), (55, 14, 12, '2024-10-03'),
(56, 14, 15, '2024-10-01'), (57, 14, 20, '2024-10-05'), (58, 14, 30, '2024-10-10'),
(59, 14, 25, '2024-09-28'), (60, 14, 18, '2024-10-03'), (61, 14, 22, '2024-09-20'),
(62, 14, 40, '2024-10-15'), (63, 14, 35, '2024-09-25'), (64, 14, 20, '2024-10-08'),
(65, 14, 45, '2024-09-30'), (66, 14, 30, '2024-10-12'),
(67, 14, 20, '2024-10-01'), (68, 14, 15, '2024-10-05'), (69, 14, 50, '2024-10-10'),
(70, 14, 30, '2024-09-28'), (71, 14, 40, '2024-10-03'), (72, 14, 25, '2024-09-20'),
(73, 14, 60, '2024-10-15'), (74, 14, 35, '2024-09-25'), (75, 14, 20, '2024-10-08'),
(76, 14, 45, '2024-09-30'), (77, 14, 30, '2024-10-12'),
(78, 14, 25, '2024-10-02'), (79, 14, 18, '2024-10-06'), (80, 14, 22, '2024-09-22'),
(81, 14, 40, '2024-09-18'), (82, 14, 15, '2024-10-12'), (83, 14, 30, '2024-09-28'),
(84, 14, 20, '2024-10-05'), (85, 14, 10, '2024-09-15'), (86, 14, 35, '2024-10-08'),
(87, 14, 28, '2024-09-25'), (88, 14, 12, '2024-10-03'),
(89, 14, 15, '2024-10-01'), (90, 14, 20, '2024-10-05'), (91, 14, 30, '2024-10-10'),
(92, 14, 25, '2024-09-28'), (93, 14, 18, '2024-10-03'), (94, 14, 22, '2024-09-20'),
(95, 14, 40, '2024-10-15'), (96, 14, 35, '2024-09-25'), (97, 14, 20, '2024-10-08'),
(98, 14, 45, '2024-09-30'), (99, 14, 30, '2024-10-12'),

-- Локация 15 (Бишкек)
(1, 15, 20, '2024-10-01'), (2, 15, 15, '2024-10-05'), (3, 15, 50, '2024-10-10'),
(4, 15, 30, '2024-09-28'), (5, 15, 40, '2024-10-03'), (6, 15, 25, '2024-09-20'),
(7, 15, 60, '2024-10-15'), (8, 15, 35, '2024-09-25'), (9, 15, 20, '2024-10-08'),
(10, 15, 45, '2024-09-30'), (11, 15, 30, '2024-10-12'),
(12, 15, 25, '2024-10-02'), (13, 15, 18, '2024-10-06'), (14, 15, 22, '2024-09-22'),
(15, 15, 40, '2024-09-18'), (16, 15, 15, '2024-10-12'), (17, 15, 30, '2024-09-28'),
(18, 15, 20, '2024-10-05'), (19, 15, 10, '2024-09-15'), (20, 15, 35, '2024-10-08'),
(21, 15, 28, '2024-09-25'), (22, 15, 12, '2024-10-03'),
(23, 15, 15, '2024-10-01'), (24, 15, 20, '2024-10-05'), (25, 15, 30, '2024-10-10'),
(26, 15, 25, '2024-09-28'), (27, 15, 18, '2024-10-03'), (28, 15, 22, '2024-09-20'),
(29, 15, 40, '2024-10-15'), (30, 15, 35, '2024-09-25'), (31, 15, 20, '2024-10-08'),
(32, 15, 45, '2024-09-30'), (33, 15, 30, '2024-10-12'),
(34, 15, 20, '2024-10-01'), (35, 15, 15, '2024-10-05'), (36, 15, 50, '2024-10-10'),
(37, 15, 30, '2024-09-28'), (38, 15, 40, '2024-10-03'), (39, 15, 25, '2024-09-20'),
(40, 15, 60, '2024-10-15'), (41, 15, 35, '2024-09-25'), (42, 15, 20, '2024-10-08'),
(43, 15, 45, '2024-09-30'), (44, 15, 30, '2024-10-12'),
(45, 15, 25, '2024-10-02'), (46, 15, 18, '2024-10-06'), (47, 15, 22, '2024-09-22'),
(48, 15, 40, '2024-09-18'), (49, 15, 15, '2024-10-12'), (50, 15, 30, '2024-09-28'),
(51, 15, 20, '2024-10-05'), (52, 15, 10, '2024-09-15'), (53, 15, 35, '2024-10-08'),
(54, 15, 28, '2024-09-25'), (55, 15, 12, '2024-10-03'),
(56, 15, 15, '2024-10-01'), (57, 15, 20, '2024-10-05'), (58, 15, 30, '2024-10-10'),
(59, 15, 25, '2024-09-28'), (60, 15, 18, '2024-10-03'), (61, 15, 22, '2024-09-20'),
(62, 15, 40, '2024-10-15'), (63, 15, 35, '2024-09-25'), (64, 15, 20, '2024-10-08'),
(65, 15, 45, '2024-09-30'), (66, 15, 30, '2024-10-12'),
(67, 15, 20, '2024-10-01'), (68, 15, 15, '2024-10-05'), (69, 15, 50, '2024-10-10'),
(70, 15, 30, '2024-09-28'), (71, 15, 40, '2024-10-03'), (72, 15, 25, '2024-09-20'),
(73, 15, 60, '2024-10-15'), (74, 15, 35, '2024-09-25'), (75, 15, 20, '2024-10-08'),
(76, 15, 45, '2024-09-30'), (77, 15, 30, '2024-10-12'),
(78, 15, 25, '2024-10-02'), (79, 15, 18, '2024-10-06'), (80, 15, 22, '2024-09-22'),
(81, 15, 40, '2024-09-18'), (82, 15, 15, '2024-10-12'), (83, 15, 30, '2024-09-28'),
(84, 15, 20, '2024-10-05'), (85, 15, 10, '2024-09-15'), (86, 15, 35, '2024-10-08'),
(87, 15, 28, '2024-09-25'), (88, 15, 12, '2024-10-03'),
(89, 15, 15, '2024-10-01'), (90, 15, 20, '2024-10-05'), (91, 15, 30, '2024-10-10'),
(92, 15, 25, '2024-09-28'), (93, 15, 18, '2024-10-03'), (94, 15, 22, '2024-09-20'),
(95, 15, 40, '2024-10-15'), (96, 15, 35, '2024-09-25'), (97, 15, 20, '2024-10-08'),
(98, 15, 45, '2024-09-30'), (99, 15, 30, '2024-10-12'),

-- Локация 16 (Онлайн магазин)
(1, 16, 20, '2024-10-01'), (2, 16, 15, '2024-10-05'), (3, 16, 50, '2024-10-10'),
(4, 16, 30, '2024-09-28'), (5, 16, 40, '2024-10-03'), (6, 16, 25, '2024-09-20'),
(7, 16, 60, '2024-10-15'), (8, 16, 35, '2024-09-25'), (9, 16, 20, '2024-10-08'),
(10, 16, 45, '2024-09-30'), (11, 16, 30, '2024-10-12'),
(12, 16, 25, '2024-10-02'), (13, 16, 18, '2024-10-06'), (14, 16, 22, '2024-09-22'),
(15, 16, 40, '2024-09-18'), (16, 16, 15, '2024-10-12'), (17, 16, 30, '2024-09-28'),
(18, 16, 20, '2024-10-05'), (19, 16, 10, '2024-09-15'), (20, 16, 35, '2024-10-08'),
(21, 16, 28, '2024-09-25'), (22, 16, 12, '2024-10-03'),
(23, 16, 15, '2024-10-01'), (24, 16, 20, '2024-10-05'), (25, 16, 30, '2024-10-10'),
(26, 16, 25, '2024-09-28'), (27, 16, 18, '2024-10-03'), (28, 16, 22, '2024-09-20'),
(29, 16, 40, '2024-10-15'), (30, 16, 35, '2024-09-25'), (31, 16, 20, '2024-10-08'),
(32, 16, 45, '2024-09-30'), (33, 16, 30, '2024-10-12'),
(34, 16, 20, '2024-10-01'), (35, 16, 15, '2024-10-05'), (36, 16, 50, '2024-10-10'),
(37, 16, 30, '2024-09-28'), (38, 16, 40, '2024-10-03'), (39, 16, 25, '2024-09-20'),
(40, 16, 60, '2024-10-15'), (41, 16, 35, '2024-09-25'), (42, 16, 20, '2024-10-08'),
(43, 16, 45, '2024-09-30'), (44, 16, 30, '2024-10-12'),
(45, 16, 25, '2024-10-02'), (46, 16, 18, '2024-10-06'), (47, 16, 22, '2024-09-22'),
(48, 16, 40, '2024-09-18'), (49, 16, 15, '2024-10-12'), (50, 16, 30, '2024-09-28'),
(51, 16, 20, '2024-10-05'), (52, 16, 10, '2024-09-15'), (53, 16, 35, '2024-10-08'),
(54, 16, 28, '2024-09-25'), (55, 16, 12, '2024-10-03'),
(56, 16, 15, '2024-10-01'), (57, 16, 20, '2024-10-05'), (58, 16, 30, '2024-10-10'),
(59, 16, 25, '2024-09-28'), (60, 16, 18, '2024-10-03'), (61, 16, 22, '2024-09-20'),
(62, 16, 40, '2024-10-15'), (63, 16, 35, '2024-09-25'), (64, 16, 20, '2024-10-08'),
(65, 16, 45, '2024-09-30'), (66, 16, 30, '2024-10-12'),
(67, 16, 20, '2024-10-01'), (68, 16, 15, '2024-10-05'), (69, 16, 50, '2024-10-10'),
(70, 16, 30, '2024-09-28'), (71, 16, 40, '2024-10-03'), (72, 16, 25, '2024-09-20'),
(73, 16, 60, '2024-10-15'), (74, 16, 35, '2024-09-25'), (75, 16, 20, '2024-10-08'),
(76, 16, 45, '2024-09-30'), (77, 16, 30, '2024-10-12'),
(78, 16, 25, '2024-10-02'), (79, 16, 18, '2024-10-06'), (80, 16, 22, '2024-09-22'),
(81, 16, 40, '2024-09-18'), (82, 16, 15, '2024-10-12'), (83, 16, 30, '2024-09-28'),
(84, 16, 20, '2024-10-05'), (85, 16, 10, '2024-09-15'), (86, 16, 35, '2024-10-08'),
(87, 16, 28, '2024-09-25'), (88, 16, 12, '2024-10-03'),
(89, 16, 15, '2024-10-01'), (90, 16, 20, '2024-10-05'), (91, 16, 30, '2024-10-10'),
(92, 16, 25, '2024-09-28'), (93, 16, 18, '2024-10-03'), (94, 16, 22, '2024-09-20'),
(95, 16, 40, '2024-10-15'), (96, 16, 35, '2024-09-25'), (97, 16, 20, '2024-10-08'),
(98, 16, 45, '2024-09-30'), (99, 16, 30, '2024-10-12');


INSERT INTO orders (customer_id, order_date, order_type, location_id, status) VALUES
(1, '2024-10-01 14:30:00', 'online', 16, 'completed'),
(2, '2024-10-02 15:45:00', 'offline', 2, 'completed'),
(3, '2024-10-03 10:15:00', 'online', 16, 'processing'),
(4, '2024-10-04 11:20:00', 'offline', 14, 'completed'),
(5, '2024-10-05 16:00:00', 'online', 16, 'completed'),
(6, '2024-10-06 09:30:00', 'offline', 6, 'processing'),
(7, '2024-10-07 12:45:00', 'online', 16, 'completed'),
(8, '2024-10-08 17:10:00', 'offline', 8, 'completed'),
(9, '2024-10-09 13:25:00', 'online', 16, 'processing'),
(10, '2024-10-10 14:50:00', 'offline', 10, 'completed'),
(11, '2024-10-11 18:05:00', 'online', 16, 'completed'),
(12, '2024-10-12 19:20:00', 'offline', 12, 'processing'),
(13, '2024-10-13 20:35:00', 'online', 16, 'completed'),
(14, '2024-10-14 21:40:00', 'offline', 1, 'completed'),
(15, '2024-10-15 22:55:00', 'online', 16, 'processing'),
(16, '2024-10-16 08:10:00', 'offline', 3, 'completed'),
(17, '2024-10-17 09:25:00', 'online', 16, 'processing'),
(18, '2024-10-18 10:40:00', 'offline', 15, 'completed'),
(19, '2024-10-19 11:55:00', 'online', 16, 'completed'),
(20, '2024-10-20 12:00:00', 'offline', 7, 'processing'),
(21, '2024-10-21 13:15:00', 'online', 16, 'completed'),
(22, '2024-10-22 14:30:00', 'offline', 9, 'completed'),
(23, '2024-10-23 15:45:00', 'online', 16, 'processing'),
(24, '2024-10-24 16:50:00', 'offline', 11, 'completed'),
(25, '2024-10-25 17:05:00', 'online', 16, 'completed'),
(26, '2024-10-26 18:20:00', 'offline', 14, 'processing'),
(27, '2024-10-27 19:35:00', 'online', 16, 'completed'),
(28, '2024-10-28 20:40:00', 'offline', 12, 'completed'),
(29, '2024-10-29 21:55:00', 'online', 16, 'processing'),
(30, '2024-10-30 22:00:00', 'offline', 4, 'completed'),
(31, '2024-10-31 08:15:00', 'online', 16, 'completed'),
(32, '2024-11-01 09:30:00', 'offline', 6, 'processing'),
(33, '2024-11-02 10:45:00', 'online', 16, 'completed'),
(34, '2024-11-03 11:50:00', 'offline', 8, 'completed'),
(35, '2024-11-04 12:05:00', 'online', 16, 'processing'),
(36, '2024-11-05 13:20:00', 'offline', 10, 'completed'),
(37, '2024-11-06 14:35:00', 'online', 16, 'completed'),
(38, '2024-11-07 15:40:00', 'offline', 12, 'processing'),
(39, '2024-11-08 16:55:00', 'online', 16, 'completed'),
(40, '2025-01-09 17:00:00', 'offline', 1, 'completed'),
(41, '2025-01-10 18:15:00', 'online', 16, 'processing'),
(42, '2025-01-11 19:30:00', 'offline', 3, 'completed'),
(43, '2025-01-12 20:45:00', 'online', 16, 'completed'),
(44, '2025-01-13 21:50:00', 'offline', 5, 'processing'),
(45, '2025-02-14 22:05:00', 'online', 16, 'completed'),
(46, '2025-02-15 08:20:00', 'offline', 7, 'completed'),
(47, '2025-02-16 09:35:00', 'online', 16, 'processing'),
(48, '2025-02-17 10:40:00', 'offline', 9, 'completed'),
(49, '2025-02-18 11:55:00', 'online', 16 'completed'),
(50, '2025-02-19 12:00:00', 'offline', 13, 'processing');

INSERT INTO order_details (order_id, wine_id, quantity) VALUES
(1, 3, 2), (1, 5, 1),
(2, 1, 3), (2, 7, 2),
(3, 9, 4), (3, 11, 1),
(4, 13, 2), (4, 15, 1),
(5, 17, 3), (5, 19, 2),
(6, 21, 1), (6, 23, 2),
(7, 25, 1), (7, 27, 3),
(8, 29, 2), (8, 31, 1),
(9, 43, 4), (9, 55, 2),
(10, 77, 1), (10, 9, 3),
(11, 11, 2), (11, 13, 1),
(12, 15, 3), (12, 17, 2),
(13, 19, 1), (13, 21, 2),
(14, 23, 3), (14, 25, 1),
(15, 27, 2), (15, 29, 1),
(16, 71, 1), (16, 93, 2),
(17, 85, 3), (17, 97, 1),
(18, 9, 2), (18, 11, 3),
(19, 13, 1), (19, 15, 2),
(20, 17, 3), (20, 19, 1),
(21, 21, 2), (21, 23, 1),
(22, 25, 3), (22, 27, 2),
(23, 29, 1), (23, 41, 2),
(24, 3, 3), (24, 55, 1),
(25, 37, 2), (25, 69, 3),
(26, 11, 1), (26, 13, 2),
(27, 15, 3), (27, 17, 1),
(28, 19, 2), (28, 21, 3),
(29, 23, 1), (29, 25, 2),
(30, 27, 3), (30, 29, 1),
(31, 16, 2), (31, 83, 1),
(32, 55, 3), (32, 67, 2),
(33, 49, 1), (33, 11, 3),
(34, 13, 2), (34, 15, 1),
(35, 17, 3), (35, 19, 2),
(36, 21, 1), (36, 23, 3),
(37, 25, 2), (37, 27, 1),
(38, 29, 3), (38, 61, 2),
(39, 23, 1), (39, 75, 3),
(40, 57, 2), (40, 89, 1),
(41, 11, 3), (41, 13, 2),
(42, 15, 1), (42, 17, 3),
(43, 19, 2), (43, 21, 1),
(44, 23, 3), (44, 25, 2),
(45, 27, 1), (45, 29, 3),
(46, 1, 2), (46, 3, 1),
(47, 5, 3), (47, 7, 2),
(48, 9, 1), (48, 11, 3),
(49, 13, 2), (49, 15, 1),
(50, 17, 3), (50, 19, 2);
